A	3	1
ABirUpya	1	0
ABirupya	0	1
ADAnika	1	0
ADamarRRya	1	0
ADamarRya	0	1
AGAnika	0	1
AKukarRRaparRikA	1	0
AKukarRaparRikA	0	1
ASekuwiMn	0	1
ASekuwin	1	0
AcCaka	0	1
AcCuka	1	0
Adinaba	1	0
Adinava	0	1
AdityasUn	0	1
AdityasUnu	1	0
AgAragoDikA	1	0
AgAragoGikA	0	1
AgUrRRa	1	0
AgUrRa	0	1
AgamAvedin	0	1
Agamavedin	1	0
AgrahAyARika	0	1
AgrahAyaRika	2	1
AhArasamBava	1	0
Ahamata	0	1
AharasamBava	0	1
Ahimata	1	0
AhitAgni	1	0
Ahitagni	0	1
AjYAnuvarttin	1	0
AjYanuvarttin	0	1
AjavA	1	0
AjavAha	0	1
AkIrRRa	1	0
AkIrRa	0	1
AkuYcita	0	1
AkuYjita	1	0
AkzEtrajYa	1	0
AkzEtrajYya	0	1
AlozwI	1	0
Alozwo	0	1
Amandra	1	0
AmbarIzaputraka	0	1
AmbarIzapuvaka	1	0
Ambikaya	1	0
Ambikeya	0	1
Amur	1	0
Amura	0	1
AmuzyakulIna	1	0
AmuzyalIna	0	1
AnadDa	0	1
AnadDaM	1	0
AnandArRRava	1	0
AnandArRava	0	1
AnandaBuj	1	0
AnandapUrRRa	1	0
AndA	0	1
AndaBuja	0	1
AndapUrRa	0	1
AnumAyya	1	0
AnumAzya	0	1
Apekzika	1	0
Apekzikra	0	1
Apo'SAna	0	1
ApoSAna	1	0
ArURi	0	1
AraWWaja	1	0
Arawwaja	0	1
ArttaparRRi	1	0
ArttaparRi	0	1
AruRi	1	0
AsPujit	1	0
AsPujita	0	1
Asrava	1	0
AstIrRRa	1	0
AstIrRa	0	1
Astrava	0	1
Asyaloman	1	0
Asyalonan	0	1
AvIracUrRRa	1	0
AvIracUrRa	0	1
AvidDakarRI	0	1
AvidDakarRo	1	0
AwaMrUza	0	1
AwarUza	1	0
AyuDaDarBiRI	1	0
AyuDaDarmiRI	0	1
Ayuzkft	1	0
Ayuzkfta	0	1
BA	2	3
BAfjIka	1	0
BAgIyam	0	1
BAgIyas	1	0
BAgajAti	1	0
BAgajAtistrI	0	1
BAladfS	1	0
BAladfSa	0	1
BArURqa	0	1
BAravAha	1	0
BAravAhra	0	1
BArgya	0	1
BArmya	1	0
BAruRqa	1	0
BAs	0	1
BAsa	3	2
BAskArezwA	1	0
BAsvat	1	0
BAsvata	0	1
BEzRajya	1	0
BIlUka	0	1
BIluka	0	1
BIruhfdaya	1	0
BOjI	0	1
BOjIya	1	0
BUBft	1	0
BUBut	0	1
BUkzepa	0	1
BUmisatra	0	1
BUmisattra	1	0
BUnIpa	1	0
BUridyumna	1	0
BUridyumra	0	1
BUruhfdaya	0	1
BUtapatrI	0	1
BUtapattnI	1	0
BUtavAsa	1	0
BUtavikAyA	1	0
BUtavikriyA	0	1
Ba	2	1
BaRqu	1	2
BaRquka	1	0
BaRwu	0	1
BaRwuka	1	0
BaYjaru	0	1
BaYjaruM	1	0
BadraBuYja	0	1
BadradAntakA	1	0
BadradantikA	0	1
BadramuYja	1	0
BadrasImA	0	1
BadrasomA	1	0
BadravirAj	1	0
BadravirAja	0	1
BagaRA	0	1
BagaRa	1	0
BaktAsikTa	0	1
BaktasikTa	1	0
BakzaRA	0	1
BakzaRa	1	0
BamBarAlI	1	0
BamBarAlO	0	1
BarRAs	0	1
BarRas	1	0
BargAyaRA	0	1
BargAyaRa	1	0
BaskArizwA	0	1
BatavAsa	0	1
BavAdfkza	1	0
BavAdfkzaSa	0	1
BavaBUti	1	0
Bavarloka	0	1
Bawwoji	1	0
BayanASinI	1	0
BayanASinO	0	1
BfgURAMpati	1	0
BfguRAMpati	0	1
Bfja	1	0
BfjaBarjane	0	1
Bfjjana	1	0
Bfjjata	0	1
Binnaparikarman	0	1
Binnaparikarmman	1	0
Binnavarcam	0	1
Binnavarcas	1	0
BinnayojanI	1	0
BinnayojanO	0	1
Bisma	0	1
BismawA	0	1
Bissa	1	0
BissawA	1	0
BitticAra	1	0
Bitticora	0	1
Biyam	0	1
Biyas	1	0
BrAtfbaDU	1	0
BrAtfvaDU	0	1
BrUBaNga	1	2
BrUkuwi	0	1
BrUkzepa	1	0
BruBaNga	0	1
Brukuwi	0	1
BujaNgaBIjin	0	1
BujaNgaBojin	1	0
BujaSiKara	1	0
BujaSiRqara	0	1
BujagaBIjin	0	1
BujagaBojin	1	0
BujakIwara	0	1
Bujakowara	1	0
BuktA	0	1
Bukta	1	0
BunIpa	0	1
Buvarloka	1	0
CAgavAdvana	1	0
CAgavAhana	0	1
CAtra	0	1
CAtradarSana	0	1
CAtragaRqa	0	1
CAtravyaMsaka	0	1
CAtri	0	1
CAtryAdi	0	1
CAttra	1	0
CAttradarSana	1	0
CAttragaRqa	1	0
CAttravyaMsaka	1	0
CAttri	1	0
CAttryAdi	1	0
CAwaBA	0	1
Ca	2	1
Cada	4	1
Cadapatra	0	1
Cadapattra	1	0
Cala	2	1
CandAparRa	0	1
CandaHparRRa	1	0
Candoviciti	0	1
Candoviviti	1	0
CarddApanikA	0	1
CarddapanikA	1	0
CatrA	0	1
CatrADAnya	0	1
CatrAdi	0	1
CatrAka	0	1
CatrAticCatra	0	1
Catra	0	1
CatraBaNga	0	1
CatraDara	0	1
CatragucCa	0	1
Catraka	0	1
Catrapatra	0	1
CatrikA	0	1
Catrin	0	1
CattrA	1	0
CattrADAnya	1	0
CattrAdi	1	0
CattrAka	1	0
CattrAticCattra	1	0
Cattra	1	0
CattraBaNga	1	0
CattraDara	1	0
CattragucCa	1	0
Cattraka	1	0
Cattrapatra	1	0
CattrikA	1	0
Cattrin	1	0
CawABA	1	0
Ceda	2	1
Cfda	2	1
CidrAntar	0	1
CidrAntara	1	0
Cidra	2	1
Cupa	2	1
Cuqa	2	1
Cura	2	1
CurikApatrI	1	0
CurikApatrO	0	1
DAmacCad	1	0
DAmacCada	0	1
DAnvarAja	0	1
DAnyarAja	1	0
DAraRIyayantra	1	0
DAtuBft	1	0
DAtumft	0	1
DOnDumAra	1	0
DUH	1	0
DUHpati	0	1
DakAraH	1	0
Danus	0	1
Danusa	1	0
DarANgura	1	0
DarANkura	0	1
DaraRIyayantra	0	1
DarmakaTAdaridra	0	1
DarmmakaTAdaridra	1	0
Darmya	1	0
DarmyaM	0	1
DmANkzamAcI	1	0
DmANkzamAco	0	1
DonDumAra	0	1
Dvasman	0	1
Dvasmana	1	0
E	2	1
EnDa	0	1
Enya	1	0
F	5	2
GARaja	1	0
GUrRAyamAna	0	1
GUrRRAyamAna	1	0
GUrRRa	2	0
GUrRRana	1	0
GUrRRi	1	0
GUrRRikA	1	0
GUrRRita	1	0
GUrRa	0	2
GUrRana	0	1
GUrRi	0	1
GUrRikA	0	1
GUrRita	0	1
Ga	2	1
GaRwAkarRRa	1	0
GaRwAkarRa	0	1
GagDa	0	1
GagGa	1	0
Ganadruma	0	1
Ganaduma	1	0
GanajambAla	0	1
GanajamvAla	1	0
Ganatvac	0	1
Ganatvaca	1	0
GarmAnta	0	1
GarmAntakAmukI	0	1
Garma	0	1
GarmacarcikA	0	1
GarmadIDiti	0	1
Garmadah	0	1
GarmapAvan	0	1
Garmasad	0	1
GarmastuB	0	1
Garmasvaram	0	1
Garmasveda	0	1
GarmmAnta	1	0
GarmmAntakAmukI	1	0
Garmma	1	0
GarmmacarcikA	1	0
GarmmadIDiti	1	0
Garmmaduh	1	0
GarmmapAvan	1	0
Garmmasad	1	0
GarmmastuB	1	0
Garmmasvaram	1	0
Garmmasveda	1	0
GawadAsI	1	0
GawadAso	0	1
Gawaparyasana	0	1
Gawaparyyasana	1	0
GfRAvAsa	1	0
GfRAyAsa	0	1
GftArccim	1	0
GftArcis	0	1
GftanirRRij	1	0
GftanirRij	0	1
GftapUrRRaka	1	0
GftapUrRaka	0	1
GftaparRRaka	1	0
GftaparRaka	0	1
GiRRa	1	0
GiRa	0	1
GorarAmana	1	0
GorarAmin	1	0
GorarAsana	0	1
GorarAsin	0	1
GrARaSravam	0	1
GrARaSravas	1	0
GrARaja	0	1
GraRRa	1	0
GraRa	0	1
GuRa	4	1
Guwa	3	1
Guza	3	1
I	7	5
IS	2	1
ISa	1	2
IrAmA	1	0
IrAma	0	1
Ja	2	1
JaRatkAra	0	1
JaRatkara	1	0
JallIla	0	1
Jallola	1	0
KAdoarRRas	1	0
KAdoarRasa	0	1
Ka	2	1
KaNgIka	1	0
KaNgaDenu	1	0
KaNgaparIkzA	1	0
KaNgapatra	1	0
KaNgapiDAna	1	0
KaNgaputrikA	1	0
KaNgawa	1	0
KaNgimAra	1	0
KaNgin	1	0
KaYjarIwa	1	0
KaYjarOwa	0	1
KacarjjUGna	0	1
Kajyotis	1	0
Kajyotisa	0	1
KaqgIka	0	1
KaqgaDenu	0	1
KaqgaparIkzA	0	1
Kaqgapatra	0	1
KaqgapiDAna	0	1
KaqgaputrikA	0	1
Kaqgawa	0	1
KaqgimAra	0	1
Kaqgin	0	1
Karamajja	0	1
Karamajra	1	0
Karba	2	1
KarjjUGna	1	0
Karva	0	1
KarvaMrA	0	1
KarvurA	1	0
KasKama	1	0
KasKasa	0	1
KawinI	1	0
KawinO	0	1
KawvANga	1	0
KawvANka	0	1
Ke'li	0	1
Ke'wa	0	1
Keli	1	0
Kewa	2	1
Kolamuka	0	1
Kolmuka	1	0
Na	2	1
O	2	1
OdDatya	1	0
Oddatya	0	1
OdgAtra	1	0
OdragAtra	0	1
OpAnahya	1	0
OpadrazwrA	0	1
Opadrazwrya	1	0
OpakarRRika	1	0
OpakarRika	0	1
Opavasra	0	1
Opavastra	1	0
OrRAvata	0	1
OrRRAvata	1	0
OrRRa	1	0
OrRRika	1	0
OrRa	0	1
OrRika	0	1
OrdDadEhika	0	1
OrdDadamika	0	1
OrdDadeha	0	1
OrdDasrotasika	0	1
OrdDvadEhika	1	0
OrdDvadamika	1	0
OrdDvadeha	1	0
OrdDvakAlika	1	0
OrdDvasrotasika	1	0
OrdvakAlika	0	1
OrvaSeya	1	0
Otputika	1	0
Otuputika	0	1
OzaDa	0	1
Ozwika	0	1
Ozwrika	1	0
Pa	2	1
PaRila	0	1
Pala	4	1
PalamudgarikA	0	1
PalamuharikA	1	0
PeRila	1	0
PenikA	1	0
PiraNga	0	1
PiraNka	1	0
PoRikA	0	1
Pulla	2	1
PullaPAla	0	1
PulladAman	0	1
PullakAla	1	0
PullawAman	1	0
PupPuma	1	0
PupPusa	0	1
Qa	2	1
Ra	2	1
SAlaniryAsa	0	1
SAlaniryyAsa	1	0
SAmica	0	1
SAmitra	1	0
SElabIja	0	1
SElavIja	1	0
SItavIryaka	0	1
SItavIryyaka	1	0
SOkaraba	1	0
SOkarava	0	1
SOrya	0	1
SOryya	1	0
SOwIrya	0	1
SOwIryya	1	0
SUdrakarman	0	1
SUdrakarmman	1	0
SUlin	2	1
SUlina	0	1
SaSalAYCana	1	0
SaSalAcCana	0	1
SaSorRRa	1	0
SaSorRa	0	1
SakAraH	1	0
SakrASana	2	1
SakraSana	0	1
SakrabIja	0	1
SakraparyAya	0	1
SakraparyyAya	1	0
SakravIja	1	0
Sakvara	0	1
SalaNa	1	0
SalaNga	0	1
SarAli	0	1
SarAqi	0	1
Saratparvam	1	0
Saratparvan	0	1
SaryA	0	1
SaryAti	0	1
SaryyA	1	0
SaryyAti	1	0
SatahnadA	1	0
SatahradA	0	1
SatavIryA	0	1
SatavIryyA	1	0
SavaralIDra	0	1
SavaraloDra	1	0
Sevala	0	1
Sevalu	1	0
SfNKalaka	1	0
SfNgalaka	0	1
SiKaRWin	0	1
SiKaRqin	1	0
SiKarin	1	0
SiKirin	0	1
SiSupAlA	0	1
SiSupAla	1	0
SikzitAkzara	0	1
SikzitAkzasa	1	0
SilapaSAlA	0	1
SiloYCa	1	0
SilocCa	0	1
SilpaSAlA	1	0
SimbA	1	0
SimyA	0	1
SirAla	1	0
Siromarman	0	1
Siromarmman	1	0
SivaDarma	0	1
SivaDarmma	1	0
SivaGarmaja	0	1
SivaGarmmaja	1	0
SivabIja	0	1
SivavIja	1	0
SlezmAta	1	0
SlezmAtra	0	1
SoDanIbIja	0	1
SoDanIvIja	1	0
SoPahft	0	1
SoPahfta	1	0
SowIrya	0	1
SowIryya	1	0
SrInivAma	1	0
SrInivAsa	0	1
Sruda	1	0
SrutakIrtti	1	0
SrutkIrtti	0	1
Sruttva	0	1
SuNgAkarman	0	1
SuNgAkarmman	1	0
SuklArman	0	1
SuklArmman	1	0
Suklakarman	0	1
Suklakarmman	1	0
SuzkavEra	0	1
Suzkavera	1	0
SvEtya	0	1
SvaSurya	0	1
SvaSuryya	1	0
SvetabfhatI	0	1
SvetavfhatI	1	0
Svetya	1	0
SyAmAmlI	1	0
SyAmAmlo	0	1
SyomAka	1	0
SyonAka	0	1
Ta	2	1
U	5	2
UDar	0	1
UDara	1	0
UrRAstuka	0	1
UrRAvana	0	1
UrRAyu	0	1
UrRRAmaya	1	0
UrRRAstuka	1	0
UrRRAvana	1	0
UrRRAyu	1	0
UrRRa	1	0
UrRRamradas	1	0
UrRRanABa	1	0
UrRRavABi	1	0
UrRRu	1	0
UrRa	0	1
UrRamAya	0	1
UrRamradas	0	1
UrRanABa	0	1
UrRavABi	0	1
UrRu	0	1
UrdDaBAga	0	1
UrdDaBAj	0	1
UrdDaTA	0	1
UrdDacaraRa	0	1
UrdDadaMzwrakeSa	0	1
UrdDadeha	0	1
UrdDadeva	0	1
UrdDadfzwi	0	1
UrdDaga	0	1
UrdDagapura	0	1
UrdDagati	0	1
UrdDajAnu	0	1
UrdDakAya	0	1
UrdDakeSa	0	1
UrdDaketu	0	1
UrdDanaBas	0	1
UrdDandama	0	1
UrdDapAtra	0	1
UrdDapfSni	0	1
UrdDapuRqra	0	1
UrdDarvabarhis	0	1
UrdDvaBAga	1	0
UrdDvaBAj	1	0
UrdDvaTA	1	0
UrdDvabarhis	1	0
UrdDvabuDna	0	1
UrdDvabuGna	1	0
UrdDvacaraRa	1	0
UrdDvadaMzwrakeSa	1	0
UrdDvadeha	1	0
UrdDvadeva	1	0
UrdDvadfzwi	1	0
UrdDvaga	1	0
UrdDvagapura	1	0
UrdDvagati	1	0
UrdDvajAnu	1	0
UrdDvakAya	1	0
UrdDvakeSa	1	0
UrdDvaketu	1	0
UrdDvanaBas	1	0
UrdDvandama	1	0
UrdDvapAtra	1	0
UrdDvapfSni	1	0
UrdDvapuRqra	1	0
Urjj	0	1
Urjja	3	2
Wa	2	1
X	4	0
Ya	2	1
a	4	2
aBIrupatrI	0	1
aBIrupavI	1	0
aBaktamUla	0	1
aBayaNkft	1	0
aBiDAnI	0	1
aBiDAno	1	0
aBihUti	2	1
aBihvrati	0	1
aBimarSana	1	0
aBinavIdBid	0	1
aBinavodBid	1	0
aBinizkrAma	0	1
aBinizkrama	1	0
aBiptara	0	1
aBisara	1	0
aBitImuKa	0	1
aBitam	0	1
aBitas	1	0
aBitomuKa	1	0
aBiyyanda	0	1
aBiyyandin	0	1
aBizyanda	1	0
aBizyandin	1	0
aBuktamUla	1	0
aByannata	0	1
aByudIrita	1	0
aByudIriti	0	1
aByunnata	1	0
aByupetya	1	0
aDamarRika	1	0
aDimarRika	0	1
aDo'Das	0	1
aDo'SuMka	0	1
aDo'kza	0	1
aDo'kzaja	0	1
aDoDas	1	0
aDoMSuka	1	0
aDokza	1	0
aDokzaja	1	0
aDvagaBogya	1	0
aDyagaBogya	0	1
aGaSaMsin	1	0
aGnaSaMsin	0	1
aGneya	0	1
aGreya	1	0
aMBayaNkft	0	1
aMSasavarRRana	1	0
aMSasavarRana	0	1
aMsa	2	1
aNGriparRRikA	1	0
aNGriparRikA	0	1
aNgAraparRRa	1	0
aNgAraparRa	0	1
aNga	2	1
aNgadanirvyUha	1	0
aNgadaniryyUha	0	1
aNkIlaka	1	0
aNka	2	3
aNkalohya	0	1
aNkaloqya	1	0
aNkolaka	0	1
aRa	2	3
aRaka	1	0
aRqIra	0	1
aRqira	1	0
aSokapUrRRimA	1	0
aSokapUrRimA	0	1
aSvakarRRa	1	0
aSvakarRa	0	1
aSvaparRRa	1	0
aSvaparRa	0	1
aYca	0	1
aYcasa	0	1
aYcu	0	1
aYja	0	1
aYjanakeSI	0	1
aYjanakeSo	1	0
aYjasa	1	0
abadDamuKa	1	0
abdapa	2	1
abfhat	0	1
abjakarRRikA	1	0
abjakarRikA	0	1
abudDamuKa	0	1
aciradyuti	0	1
aciradyutiH	1	0
acirarIcis	0	1
acirarocis	1	0
aciratviz	1	0
aciratviza	0	1
adDA	0	1
adDvA	1	0
ada	2	1
adrikarRI	0	1
adrikarRRI	1	0
agada	2	1
agnivAsas	1	0
agnivAsasa	0	1
agnivarRRa	1	0
agnivarRa	0	1
agravIja	0	1
agravoja	1	0
agrayIDin	1	0
agrayoDin	0	1
agrediDizu	1	0
agredizizu	0	1
agrega	2	1
agregra	0	1
aha	4	5
ahaHSeza	1	0
ahibuDna	1	0
ahirbuDna	0	1
ahobata	0	1
ahovata	1	0
ajIrRa	0	1
ajIrla	1	0
ajakaRa	1	0
ajakarRRaka	1	0
ajakarRa	0	1
ajakarRaka	0	1
ajalIman	0	1
ajaloman	1	0
akarRRa	1	0
akarRa	0	1
akzadfS	1	0
akzadfSa	0	1
alakanandA	1	0
alakandanA	0	1
alamBUzRa	0	1
alamBUzRu	1	0
alipriTa	1	0
alipriya	0	1
alpAyus	1	0
alpAyusa	0	1
alpIyam	1	0
alpIyas	0	1
alpaganDa	0	1
alpaganva	1	0
amanIhara	0	1
amanInIta	0	1
amanIyoga	0	1
amanohara	1	0
amanonIta	1	0
amanoyoga	1	0
amarakoz	1	0
amarakoza	0	1
amatAsaNga	0	1
ambU	0	1
ambaprasAda	0	1
ambla	1	0
ambuprasAda	1	0
amftAsaNga	1	0
amftagaBa	1	0
amftagarBa	0	1
amftasIdara	0	1
amftasaMBavA	1	0
amftasamBavA	0	1
amftasodara	1	0
amiSrita	1	0
amlabIja	0	1
amlavIja	1	0
amuyyakula	0	1
amuyyaputra	0	1
amuzyakula	1	0
amuzyapuva	1	0
anAganDita	0	1
anAganDiva	1	0
anAmayitna	1	0
anAmayitnu	0	1
anDa	3	2
anDamBavizRu	1	0
anDra	0	1
anIkasTa	1	0
anIkasya	0	1
anUbanDya	1	0
anUta	1	0
anUti	0	1
anaBimlAtavarRRa	1	0
anaBimlAtavarRa	0	1
anantargaBin	1	0
anantargarBin	0	1
anapnam	1	0
anapnas	0	1
anavalIBana	0	1
anavaloBana	1	0
anayava	0	1
anca	1	0
ancu	1	0
andIla	0	1
andola	1	0
anfSaMsa	1	0
anigIrRRa	1	0
anigIrRa	0	1
anja	1	0
annAprASana	0	1
annapUrRA	0	1
annapUrRRA	1	0
annapUrRReSvarI	1	0
annapUrReSvarI	0	1
annaprASana	1	0
antarbAzpa	0	1
antardDi	1	0
antardvi	0	1
antarvAzpa	1	0
antaryAmibrAhmaRa	0	1
antaryAmivrAhmaRa	1	0
antyakamman	1	0
antyakarmman	0	1
antyavarRRa	1	0
antyavarRa	0	1
anuBUta	1	0
anudDfta	1	0
anudvfta	0	1
anujIvya	1	0
anukAryya	1	0
anumAsa	0	1
anumAsaM	1	0
anusaraRa	1	0
anuyava	1	0
anvarTA	1	0
anvarTa	0	1
anvezaRa	1	0
anyaBfta	1	0
anyavarRRa	1	0
anyavarRa	0	1
anyo'nyABAva	0	1
anyoQA	1	0
anyonyABAva	1	0
apAMnATa	1	0
apAMnAya	0	1
apAMsaDim	1	0
apAMsaDis	0	1
apAd	0	1
apAda	1	0
apIhya	0	1
apaBraMSa	0	1
apaBraSa	1	0
apagAram	1	0
apagaram	0	1
apamUrdDa	1	0
apamardDa	0	1
aparRA	0	1
aparRRA	1	0
aparavakta	0	1
aparavaktra	1	0
aparo'kza	0	1
aparokza	1	0
apavyayamA	0	1
apavyayamAna	1	0
apazWa	2	1
apazWu	0	1
apetarAkzasI	0	1
apetarAsakzI	1	0
apigrAhya	0	1
apohya	1	0
aprAkfta	1	0
aprAyus	1	0
aprAyusa	0	1
apratItta	1	0
apratiBA	1	0
apratimA	0	1
apriyaMvada	1	0
apriyavada	0	1
apsaram	1	0
apsaras	0	1
arGa	2	1
arRRava	1	0
arRRavaja	1	0
arRRavodBava	1	0
arRRoBava	1	0
arRRoda	1	0
arRavaM	0	1
arRavaja	0	1
arRavodBava	0	1
arRoBava	0	1
arRoda	0	1
arSas	1	0
arSasa	1	2
arTasaMgraha	1	0
arTasaNgraha	0	1
arTatam	1	0
arTatas	0	1
araRya	1	2
araRyaGolo	1	0
araRyagolI	0	1
araRyamudga	1	0
araRyapati	1	0
araRye'nUcya	0	1
araRyenUcya	1	0
aragbaDa	1	0
aragvaDa	0	1
aram	0	1
arama	2	1
arbada	0	1
arbuda	1	0
arca	2	1
arcatrya	0	1
arcattrya	1	0
arcavat	0	1
arcivat	1	0
ardDenda	1	0
ardDendu	0	1
ardda	3	1
are're	0	1
arere	1	0
argbaDa	1	0
argvaDa	0	1
ariBeda	0	1
ariDAyam	1	0
ariDAyas	0	1
arimeda	1	0
arttika	0	1
arttuka	1	0
aruRAtmaja	1	0
arvAksrItas	0	1
arvAksrotas	1	0
arvaSeya	0	1
asOpAnahma	0	1
asTUri	1	0
asTiri	0	1
asa	3	1
asaMhata	0	1
asaMhfta	1	0
asaNkamuka	0	1
asaNkasuka	1	0
asamBfta	1	0
asammfta	0	1
asampUrRRa	1	0
asampUrRa	0	1
asamparka	0	1
asamparke	1	0
asavarRRa	1	0
asavarRa	0	1
asfgvimIkzaRa	1	0
asfgvimokzaRa	0	1
asi	2	1
asmaya	1	0
asmayu	0	1
astimat	1	0
asu	2	1
atiSakkarI	1	0
atiSakvarI	0	1
ativarRASramin	0	1
ativarRRASramin	1	0
atyAhiMta	1	0
atyAhita	0	1
atyamlaparRI	0	1
atyamlaparRRI	1	0
atyantakIpana	1	0
atyantakopana	0	1
avaDAtavya	1	0
avaGUrRRana	1	0
avaGUrRana	0	1
avaSIBUta	1	0
avaSoBUta	0	1
avacUrRRana	1	0
avacUrRRita	1	0
avacUrRana	0	1
avacUrRita	0	1
avadIha	0	1
avadoha	1	0
avadyItana	0	1
avadyotana	1	0
avagIraRa	0	1
avagoraRa	1	0
avakIrRRin	1	0
avakIrRin	0	1
avanat	0	1
avanata	1	0
avasekima	1	0
avasekin	0	1
avatIrRRa	1	0
avatIrRa	0	1
avda	1	0
avfhat	1	0
avidDakarRI	0	1
avidDakarRRI	1	0
avigarhita	1	0
avigarhitaM	0	1
avyAja	0	1
avyAjaM	1	0
avyatikIrRRa	1	0
avyatikIrRa	0	1
aya	2	1
ayaScUrRRa	1	0
ayaScUrRa	0	1
ayanasaMkrAnti	1	0
ayanasaMkrama	1	0
ayanasaNkrAnti	0	1
ayanasaNkrama	0	1
ayaskarRI	0	1
ayaskarRRI	1	0
ayo'gra	0	1
ayogava	0	1
ayogavaH	1	0
ayogra	1	0
ayukCada	1	0
ayukuCada	0	1
ayutaSam	1	0
ayutaSas	0	1
azwAdaSopapurAR	0	1
azwAdaSopapurARa	1	0
azwadiS	1	0
azwadiSa	0	1
bARinI	0	1
bARino	1	0
bAlaBaMdraka	1	0
bAlaBadraka	0	1
bAlatanaTa	1	0
bAlatanaya	0	1
ba	2	1
baDU	1	0
baDasTalI	0	1
baDasyalI	1	0
baDu	0	1
baRa	2	1
bada	2	1
badarIPalA	1	0
badarIpatra	0	1
badaraballI	1	0
badaravallI	0	1
bahuSatra	1	0
bahuSatru	0	1
bahuSiram	1	0
bahuSiras	0	1
bahupAd	0	1
bahupAda	1	0
bahupatra	0	1
bahupattra	1	0
bakvAra	0	1
balavat	1	0
balavata	0	1
balibinDya	1	0
balivinDya	0	1
banDul	1	0
banDula	0	1
bana	1	0
baram	0	1
barama	1	0
barhabat	1	0
barham	1	0
barhas	0	1
barhavat	0	1
baskayinI	0	1
bavadarIPalA	0	1
bavadarIpatra	1	0
bfhadBava	0	1
bfhadBaya	1	0
bfhadDamrman	0	1
bfhadDamrmapurARa	0	1
bfhadDarmman	1	0
bfhadDarmmapurARa	1	0
bfhadabrahman	0	1
bfhadbrahman	1	0
bfhaspati	1	2
bfhatkamrman	0	1
bfhatkarmman	1	0
bfhatsAman	0	1
bfhatsaman	1	0
bfvadukTa	0	1
bfzI	0	1
bila	2	1
bindusaras	0	1
bindusarasa	1	0
bisa	2	1
brAhmaRAyaRa	0	1
brAhmaRAyana	1	0
braMhmadAya	0	1
brahmadAya	1	0
brahmagarBA	0	1
brahmagarBa	1	0
brahmavEvarta	0	1
brahmavEvartta	1	0
brahmavarcas	0	1
brahmavarcasa	1	0
buDa	4	1
bubura	1	0
budDaDarmma	1	0
budDaDarmmaM	0	1
budDuda	1	0
budbuda	0	1
bukvAra	1	0
bunDa	2	1
busta	2	1
buvadukTa	1	0
buvura	0	1
buzI	1	0
cAkravarmaRa	0	1
cAkravarmmaRa	1	0
cAma	0	1
cArmaRa	0	1
cArmiRa	0	1
cArmikAyaRi	0	1
cArmika	0	1
cArmma	1	0
cArmmaRa	1	0
cArmmiRa	1	0
cArmmikAyaRi	1	0
cArmmika	1	0
cAruyaSas	0	1
cAruyaSasa	1	0
cArvAGAwa	0	1
cArvAka	0	1
cArvo	0	1
cArvvAGAwa	1	0
cArvvAka	1	0
cArvvo	1	0
cAsa	1	0
cIrRRa	1	0
cIrRRaparRRa	1	0
cIrRa	0	1
cIrRaparRa	0	1
cIva	2	1
cIvarin	1	0
cIvarina	0	1
cOdAyani	0	1
cOdrAyani	1	0
cUrRRa	2	0
cUrRa	0	1
ca	3	2
caRqarudriMkA	1	0
caRqarudrikA	0	1
cada	2	1
caha	3	1
caka	2	1
cakraDarman	0	1
cakraDarmman	1	0
cakradantIbIja	0	1
cakradantIvIja	1	0
cakraparRI	0	1
cakraparRRI	1	0
cakravAta	0	1
cakravAte	1	0
cakravfdDi	0	1
cakravfdvi	1	0
calAtaNKa	1	0
calAtaNka	0	1
cala	4	1
calatpUrRRimA	1	0
calatpUrRimA	0	1
cama	2	1
candrahAma	1	0
candrahAsa	0	1
candravartman	1	0
candravarttan	0	1
capa	3	1
caqa	2	1
caraRaparvan	0	1
caraRaparvvan	1	0
caraRya	2	1
carca	2	1
carmA	0	1
carmAmBas	0	1
carmAra	0	1
carmAvakarttin	0	1
carma	0	1
carmaGawakA	0	1
carmaRvatI	0	1
carmaRya	0	1
carmacawI	0	1
carmacitraka	0	1
carmadUzikA	0	1
carmadaRqa	0	1
carmadala	0	1
carmadruma	0	1
carmaja	0	1
carmakArI	0	1
carmakAra	0	1
carmakIla	0	1
carmakazA	0	1
carmamaRqala	0	1
carmamaya	0	1
carmamnA	0	1
carmamuRqA	0	1
carmamudrA	0	1
carman	0	1
carmanAlikA	0	1
carmapAdukA	0	1
carmapatrA	0	1
carmapawwikA	0	1
carmapraBedikA	0	1
carmaprasevikA	0	1
carmapuwa	0	1
carmarI	0	1
carmaraNgA	0	1
carmaru	0	1
carmasAra	0	1
carmasamBavA	0	1
carmataraNga	0	1
carmatila	0	1
carmavasana	0	1
carmavat	0	1
carmavfkza	0	1
carmayazwi	0	1
carmika	0	1
carmin	0	1
carmmAmBas	1	0
carmmAra	1	0
carmmAvakarttin	1	0
carmma	1	0
carmmaRvatI	1	0
carmmaRya	1	0
carmmacawI	1	0
carmmacawakA	1	0
carmmacitraka	1	0
carmmadUzikA	1	0
carmmadaRqa	1	0
carmmadala	1	0
carmmadruma	1	0
carmmaja	1	0
carmmakArI	1	0
carmmakAra	1	0
carmmakIla	1	0
carmmakazA	1	0
carmmamaRqala	1	0
carmmamaya	1	0
carmmamnA	1	0
carmmamuRqA	1	0
carmmamudrA	1	0
carmman	1	0
carmmanAlikA	1	0
carmmapAdukA	1	0
carmmapatrA	1	0
carmmapawwikA	1	0
carmmapraBedikA	1	0
carmmaprasevikA	1	0
carmmapuwa	1	0
carmmarI	1	0
carmmaraNgA	1	0
carmmaru	1	0
carmmasAra	1	0
carmmasamBavA	1	0
carmmataraNga	1	0
carmmatila	1	0
carmmavasana	1	0
carmmavat	1	0
carmmavfkza	1	0
carmmayazwi	1	0
carmmika	1	0
carmmin	1	0
carvA	0	1
carvaRa	0	1
carvitapAtra	0	1
carvvA	1	0
carvvaRa	1	0
carvvitapAtra	1	0
caryA	0	1
caryyA	1	0
caturRRavati	1	0
caturRavati	0	1
caturTIkarma	0	1
caturTIkarmma	1	0
caturdaMzwra	1	0
caturdazwraM	0	1
caza	2	1
cela	2	1
cetoM'Su	0	1
cetoMSu	1	0
cezwAbala	0	1
cezwAvala	1	0
ci	3	1
cihara	1	0
cihura	0	1
cikIrzaka	1	0
cikirzaka	0	1
ciram	0	1
cirama	1	0
cit	0	1
cita	5	4
citrANgada	2	1
citraDarman	0	1
citraDarmman	1	0
citraguwikA	0	1
citrakaguwikA	1	0
citrakarman	0	1
citrakarmman	1	0
citraparRI	0	1
citraparRRI	1	0
citrapuzpI	1	0
citrapuzpo	0	1
citravIrya	0	1
citravIryya	1	0
citravarman	0	1
citravarmman	1	0
cittaBUmi	0	1
cittamUmi	1	0
cittaparikarman	0	1
cittaparikarmman	1	0
civiWa	0	1
civiwa	1	0
coramnAyu	0	1
corasnAyu	1	0
cucUpA	0	1
cucupA	1	0
cullI	1	0
culli	0	1
cuqa	2	1
cura	2	1
cuwa	4	1
cyu	2	1
cyuta	2	1
dADitTa	1	0
dADitya	0	1
dASa	4	1
dASameya	1	0
dASvam	0	1
dASvas	1	0
dAhin	0	1
dAhina	1	0
dAqimIsAra	1	0
dArGasatra	1	0
dArakarmman	0	1
dArakarmmana	1	0
dArvAwa	0	1
dArvawa	1	0
dAsa	2	1
dAvaka	0	1
dEtyAhorAtra	0	1
dEtyAhorAtraM	1	0
dEtyadeba	1	0
dEtyadeva	0	1
dEvakzatri	1	0
dEvara	0	1
dF	3	1
dIpa	2	1
dIrGAyum	0	1
dIrGAyus	1	0
dIrGapAd	1	0
dIrGapAda	0	1
dIrGasatra	1	2
dOgarha	1	0
dOrgaha	1	2
dU	2	1
dUSya	1	0
dUraNgama	1	0
dUratva	1	0
dUre'mitra	0	1
dUreamitra	1	0
dUroha	0	1
dUrohaM	1	0
dUtaGnI	1	0
dUzya	1	0
da	2	1
daMSamASinI	0	1
daMSama	0	1
daMSanASinI	1	0
daMSana	1	0
daRqamAna	0	1
daRqamAnava	1	0
daRqimIsAra	0	1
daSa	2	1
daSameya	0	1
daScyavana	1	0
daSvan	0	1
daSyAdaSya	0	1
daSya	0	2
dagaqa	0	1
daha	2	1
dakzeSvara	0	1
dakzeSvat	1	0
dakziRapUrvA	0	1
dakziRapUrvvA	1	0
daliduha	0	1
dallala	0	1
dampatI	0	1
dampratI	1	0
danBa	2	1
dandaSUka	1	0
dantArbuda	1	0
dantaSUka	0	1
dantarbada	0	1
dantolUKalika	0	1
dantoluKalika	1	0
darSavipad	0	1
darSavipada	1	0
darduraka	0	1
dardurakaM	1	0
darvIsaMkramaRa	1	0
darvIsaNkramaRa	0	1
dava	2	1
dazya	0	1
deSAKI	0	1
deSAKo	1	0
dehaDi	1	0
dehadi	0	1
devADipa	1	0
devAntaka	0	1
devAntakaM	1	0
devAyum	0	1
devAyus	1	0
deva	2	1
devaDipa	0	1
devaSanI	0	1
devaSunI	1	0
devadryaYc	1	0
devadryaYca	0	1
devadyamna	1	0
devadyumna	0	1
devahItra	0	1
devahavim	0	1
devahavis	1	0
devahotra	1	0
devakilbiza	0	1
devakilviza	1	0
devakirI	1	0
devakirO	0	1
devakzatri	0	1
devara	1	0
devodyAna	0	1
devodyAnaM	1	0
df	2	1
dfBa	2	1
dfQabIja	0	1
dfQavIja	1	0
dfSvan	1	0
dfSyAdaSya	1	0
dfSyajAti	1	0
dfkkarmmAn	0	1
dfkkarmman	1	0
diSam	1	0
diSas	0	1
dinArdDa	0	1
dinArdva	1	0
divAsapna	1	0
divAsvapna	0	1
divAvAsu	1	0
divAvasu	0	1
divI	1	0
divaspfS	0	1
divaspfSa	1	0
diviza	0	1
divizad	1	0
divo	0	1
divyadIhada	0	1
divyadohada	1	0
drAGaman	0	1
drAGiman	2	1
drAvaka	1	0
dragaqa	1	0
dravat	2	1
dru	3	1
druRa	2	1
druh	0	1
druha	3	2
duHKa	3	1
duPAnikutTa	1	0
duPAnikutya	0	1
duScyavana	0	1
duliduha	1	0
dullala	1	0
dunduBinirhnAda	0	1
dunduBinirhrAda	1	0
durRa	0	1
durRaya	1	0
duraNgama	0	1
duratva	0	1
duravasTA	0	1
duravasyA	1	0
durma	0	1
durmallikA	1	0
durvacam	0	1
durvacas	1	0
dutaGnI	0	1
duvas	2	1
duzWara	0	1
duzmanta	1	0
duzpanta	0	1
duzpraDarziRI	1	0
duzpraDarziRo	0	1
duzwara	1	0
dvAtriMSallakzaRa	0	1
dvAtriSallakzaRa	1	0
dvIpinaKa	1	0
dvandvayudDa	1	0
dvandvayudva	0	1
dvikakud	0	1
dvikakudra	1	0
dvipinaKa	0	1
dvisAMvatsarika	1	0
dvisAvatsarika	0	1
dvivinda	1	0
dvivindu	0	1
dviz	0	1
dviza	3	2
dyUtapratipad	1	0
dyUtapratipada	0	1
dyumadAna	0	1
dyumadgAna	1	0
dyumna	1	0
dyumra	0	1
dyut	0	1
dyuta	3	2
dyuzad	1	0
dyuzada	0	1
e	2	1
ekAntamuzamA	0	1
ekAntasuzamA	1	0
ekakArya	0	1
ekakAryya	1	0
ekaparRA	0	1
ekaparRRA	1	0
ekarama	1	0
ekarasa	0	1
ekatIdat	0	1
ekatodat	1	0
ekavarRI	0	1
ekavarRRI	1	0
elAparRI	0	1
elAparRRI	1	0
ez	2	1
eza	0	1
f	7	4
fSijANgalikI	0	1
fc	2	1
fcIzam	0	1
fcIzama	1	0
fca	0	1
ftIdya	0	1
ftaparRRa	1	0
ftaparRa	0	1
fterakzam	0	1
fterakzas	1	0
ftodya	1	0
fzijANgalikI	1	0
gA	2	1
gANgazWI	0	1
gANgezWI	1	0
gARakArya	0	1
gARakAryya	1	0
gAmBIrya	0	1
gAmBIryya	1	0
gArDravAsam	0	1
gArDravAsas	1	0
gArdDya	1	0
gArddya	0	1
gIrRRa	1	0
gIrRRi	1	0
gIrRa	0	1
gIrRi	0	1
gOBUta	1	0
gOBfta	0	1
gOkakzya	1	0
gOnarda	0	1
gOnardda	1	0
gOpuMcCa	0	1
gOpucCa	1	0
gOqAvAstuka	0	1
gOqavAstuka	1	0
gOrAvaskandin	1	0
gOrasuvarRRa	1	0
gOrasuvarRa	0	1
gOravAhan	0	1
gOravAhana	1	0
gOrizakTa	0	1
gOrizakya	1	0
gOsahasrika	1	0
gOsahastrika	0	1
gU	2	1
gUQapAd	1	0
gUQavarcas	0	1
gUQavarccas	1	0
gUra	2	1
ga	2	1
gaBolikA	0	1
gaBolika	1	0
gaNgAcilI	0	1
gaNgAcillI	1	0
gaRakAri	1	0
gaRaparvata	0	1
gaRaparvvata	1	0
gaRarAjya	1	0
gaRararAjya	0	1
gaRqApaDAna	0	1
gaRqadUrvA	0	1
gaRqadUrvvA	1	0
gaRqakIputra	0	1
gaRqopaDAna	1	0
gagDa	0	1
gagGa	1	0
gaganasinDa	1	0
gaganasinDu	0	1
gajArIha	0	1
gajAroha	1	0
gaja	4	1
gajakUrmASin	0	1
gajakUrmmASin	1	0
gajamowana	1	0
gajavalaBA	0	1
gajavallaBA	1	0
galAri	0	1
gamBArikA	1	0
gama	2	1
ganDa	2	1
ganDamAlinI	1	0
ganDamArjAra	0	1
ganDamArjjAra	1	0
ganDarva	0	1
ganDarvva	1	0
ganDatUrya	0	1
ganDatUryya	1	0
ganDatvac	0	1
ganDatvaca	1	0
ganDikA	0	1
ganDiparRRa	1	0
ganDiparRa	0	1
ganDo	0	1
ganDotu	1	0
gandikA	1	0
gaqa	3	1
gaqaqara	0	1
gaqqaka	0	1
gaqqara	1	0
gaqquka	1	0
garADikA	0	1
garATikA	1	0
garBANga	0	1
garBANka	1	0
garBaBarman	0	1
garBaBarmman	1	0
garBiRIdohada	1	0
garBiRodIhada	0	1
garBopaGAtinI	1	0
garalAri	1	0
garam	0	1
garas	1	0
garba	3	1
gardDa	2	1
gardaBI	0	1
gardaBo	1	0
gargasrItam	0	1
gargasrotas	1	0
garha	2	1
garjAPala	1	0
garja	1	0
garjamowana	0	1
garji	1	0
garjita	1	0
garjjAPala	0	1
garjja	2	1
garjji	0	1
garjjita	0	1
garmmut	1	0
garmut	0	1
garuqottIrRRa	1	0
garuqottIrRa	0	1
gatADvan	0	1
gatADvat	1	0
gatAyus	0	1
gatAyusa	1	0
gataspfha	1	0
gataspfhf	0	1
gavAhnikA	0	1
gavAhnika	1	0
gavISvara	1	0
gavOsvara	0	1
gavya	2	1
gfhAmlA	0	1
gfhAmla	1	0
gfhaBartta	1	0
gfhaBarttf	0	1
gfhacUlI	0	1
gfhacUllI	1	0
gfhenarddin	1	0
gfhenirddin	0	1
gfherudva	0	1
gfheruha	1	0
gfja	2	1
gftmamada	0	1
gftsamada	1	0
gijarI	0	1
girikarRI	0	1
girikarRRI	1	0
girikarRRikA	1	0
girikarRikA	0	1
girimalikA	0	1
girimallikA	1	0
go'Rqa	0	1
go'mBas	0	1
goDA	2	1
goDarma	0	1
goDarmma	1	0
goRqa	1	0
goSarya	0	1
goSaryya	1	0
gocarman	0	1
gocarmman	1	0
gojihvA	1	0
gojihva	0	1
gokakzya	0	1
gokarRI	1	0
gokarRo	0	1
goki	0	1
gokila	1	0
golAma	0	1
golAsa	1	0
gomAya	0	1
gomAyu	1	0
gomBas	1	0
gonardIya	0	1
gonarda	0	1
gonarddIya	1	0
gonardda	1	0
gopAlaDAnI	1	0
gopAlaDAno	0	1
gopIjanavalaBa	0	1
gopIjanavallaBa	1	0
gopada	1	0
gopapada	0	1
goparama	0	1
goparasa	1	0
goparicaryA	0	1
goparicaryyA	1	0
gopavalI	0	1
gopavallI	1	0
goqumbA	1	0
goqumvA	0	1
gorAvaskandin	0	1
govIrya	0	1
govIryya	1	0
govatasa	1	0
govatsa	0	1
gozWI	1	0
gozWIM	0	1
grAmaDarma	0	1
grAmaDarmma	1	0
grAmacaryA	0	1
grAmacaryyA	1	0
grAmyaDarma	0	1
grAmyaDarmma	1	0
grAmyakarman	0	1
grAmyakarmman	1	0
grAmyavalaBA	0	1
grAmyavallaBA	1	0
grAvarIhaka	0	1
grAvarohaka	1	0
grIvAbila	1	0
grIvAvila	0	1
grIzmahAma	0	1
grIzmahAsa	1	0
grahAvamardana	0	1
grahAvamarddana	1	0
grahakallAla	1	0
grahakallola	0	1
granTakUwI	0	1
granTakuwI	1	0
granTiBada	1	0
granTiBeda	0	1
grasa	2	1
guDa	3	1
guRaDarma	0	1
guRaDarmma	1	0
gucCabaDnA	0	1
gucCabaDrA	1	0
gudapariRadDa	1	0
gudapariRadva	0	1
guhAtadarI	1	0
guhAvadarI	0	1
guja	3	1
gujjarI	1	0
guluYCa	1	0
gulucCa	1	2
gupa	4	1
guqapippalIGfta	0	1
guqapippalIvfta	1	0
guqucI	1	0
guquco	0	1
gura	2	1
gurdda	2	1
guruRwaka	0	1
guruRyaka	1	0
gurusArA	1	0
gurusAra	0	1
guruvarccoGna	1	0
guruvarcoGna	0	1
gurvAditya	0	1
gurvI	0	1
gurvvAditya	1	0
gurvvI	1	0
hArAvalI	1	0
hIhIme	0	1
haMsabIja	0	1
haMsavIja	1	0
haRqikAmuta	0	1
haRqikAsuta	1	0
hahA	1	0
hakAraH	1	0
haqiqaka	0	1
haqqika	1	0
harAvalI	0	1
haragIrI	1	0
haragOrI	0	1
harinetra	1	0
harineva	0	1
harya	0	1
haryaSva	0	1
haryakza	0	1
haryya	1	0
haryyaSva	1	0
haryyakza	1	0
hastabimba	0	1
hastasUca	0	1
hastasUtra	1	0
hastavinya	1	0
hayaNgaza	1	0
hayaNkaza	0	1
hayaSIrza	1	0
hayagIrza	0	1
hayavAhanasaNkara	0	1
hayavAhanasadBara	1	0
helaYcI	0	1
helaYco	1	0
hemaSaNKa	0	1
hemaSaNkza	1	0
hematAra	0	1
hematAraM	1	0
hiRqIpriyatama	0	1
hiRqIpriyatrama	1	0
himabAlukA	1	0
himabAluka	1	0
himadurdin	0	1
himadurdina	1	0
himavAlukA	0	1
himavAluka	0	1
hiraRyabAha	0	1
hiraRyavAha	1	0
hlaga	1	0
hramiman	0	1
hramimana	1	0
hu	1	0
huNkAra	1	0
huhUNkAra	0	1
i	4	2
iBAnana	0	1
iBAnuna	1	0
idaNkAryA	0	1
idaNkAryyA	1	0
ikzumUla	2	1
ikzumeha	0	1
ikzupatra	1	0
iliSa	0	1
illiSa	1	0
indrAdfSa	1	0
indrAwwaSa	0	1
indraBahakAmuka	0	1
indramahakAmuka	1	0
indraparRI	0	1
indraparRRI	1	0
indrapuzpI	1	0
indrapuzpO	0	1
indrasenAnI	1	0
indrasenAnO	0	1
indrastut	1	0
indrastuta	0	1
indriyabaDa	1	0
indriyavaDa	0	1
irya	0	1
iryya	1	0
iva	2	1
izwAKa	0	1
izwASva	1	0
izwin	1	0
jAJAla	0	1
jAJAli	1	0
jAWarya	0	1
jAWaryya	1	0
jAgaryA	0	1
jAgaryyA	1	0
jAlApra	1	0
jAlAza	0	1
jAlagarddaBa	1	0
jAlagoRikA	1	0
jAlagopikA	0	1
jAlahnada	1	0
jAlahrada	0	1
jAlakzIrya	0	1
jAlakzIryya	1	0
jAlamardaBa	0	1
jAlavarDuraka	0	1
jAtakarman	0	1
jAtakarmman	1	0
jAtiDarma	0	1
jAtiDarmma	1	0
jAyAGa	0	1
jAyAGna	1	0
jAyAnajIvin	1	0
jAyAnujIvin	0	1
jF	2	1
jIrRAsTimfttikA	0	1
jIrRRAsTimfttikA	1	0
jIrRodDAra	1	0
jIrRodvAra	0	1
jIva	2	1
jIvaRa	0	1
jIvaTa	1	0
jIvaYjIva	1	0
jIvajjIva	0	1
jIvanIzaDa	0	1
jIvanOzaDa	1	0
jIvanetrI	1	0
jIvanetro	0	1
jIvantyAdyaDfta	0	1
jIvantyAdyaGfta	1	0
jU	2	1
jUrya	0	1
jUryya	1	0
jUza	2	1
jYA	3	1
ja	2	1
jaBa	4	1
jaNGAprahfta	1	0
jaNGrAprahfta	0	1
jaja	2	1
jakza	2	1
jalAlokA	0	1
jalAlukA	2	0
jalAmukA	0	1
jalAsukA	1	0
jalakUrma	0	1
jalakUrmma	1	0
jalakapIta	1	0
jalakapota	0	1
jalamArjAra	0	1
jalamArjjAra	1	0
jalpa	2	1
jambuKaRqavinirmARa	0	1
jambuKaRqavinirmmARa	1	0
janASanE	1	0
janASane	0	1
janArdana	0	1
janArddana	1	0
jana	3	1
janakArin	0	1
janakArina	1	0
janizA	0	1
janizya	1	0
janmavaratman	0	1
janmavartman	1	0
japa	2	1
japana	0	1
japata	1	0
jasa	4	1
jatU	1	0
jatUkarRRa	1	0
jatUkarRa	0	1
jatUstrI	0	1
jawAsuKaDa	0	1
jawAsurabaDa	1	0
jawAtIra	1	0
jawAwIra	0	1
jayaDarman	0	1
jayaDarmman	1	0
jfBa	2	1
jigartti	1	0
jigatti	0	1
jit	0	1
jita	2	1
jitakrIDa	1	0
jitakroDa	0	1
jrI	1	0
ju	2	0
jugatO	0	1
juqa	3	1
juraMhasi	0	1
juza	2	1
jvI	0	1
jvala	2	1
jvarANguSarasa	0	1
jvarANkuSarasa	1	0
jvarASanirasa	1	0
jvarASatirasa	0	1
jvarAryaBra	0	1
jvarAryyaBra	1	0
jvaraGna	1	0
jvaraGra	0	1
jyA	2	1
jyEzWI	1	0
jyEzWO	0	1
jyEzWeneya	0	1
jyEzWineya	1	0
jyotIraTa	0	1
jyotirbIja	0	1
jyotirvIja	1	0
jyotoraTa	1	0
jyuta	2	1
kARqavIRA	0	1
kARqavoRA	1	0
kASa	3	1
kASyapaSvetaketuH	1	0
kAWya	0	1
kAYcanAkAriRI	0	1
kAYcanagIri	0	1
kAYcanagiri	1	0
kAYcanakAriRI	1	0
kAdambarIbIja	0	1
kAdambarIvIja	1	0
kAkaSimbI	0	1
kAkaSimyI	1	0
kAkaparRI	0	1
kAkaparRRI	1	0
kAlAnalacakra	1	0
kAlaYcara	0	1
kAlaYjara	1	0
kAlakarRI	0	1
kAlakarRRI	1	0
kAlakeSI	1	0
kAlakeSo	0	1
kAlaketuH	1	0
kAlanalacakra	0	1
kAlaparRRa	1	0
kAlaparRa	0	1
kAlaparvata	0	1
kAlaparvvata	1	0
kAlayogin	1	0
kAliyahnada	1	0
kAliyahrada	0	1
kAlogin	0	1
kAmAksAyitA	0	1
kAmAnDA	1	0
kAmAtman	1	0
kAmAvaSAyitA	1	0
kAmAvasAyitA	1	0
kAmAyuDa	1	0
kAmAyuDaM	0	1
kAmanDA	0	1
kAmatman	0	1
kAmavaSAyitA	0	1
kAndigBUt	0	1
kAndigBUta	1	0
kAntANGridohada	0	1
kAntANGrilohada	1	0
kArRAyani	0	1
kArRRAyani	1	0
kArRRa	1	0
kArRa	0	1
kAravIrIya	0	1
kAravIreya	1	0
kArmmAryAyaRi	0	1
kArmmAryyAyaRi	1	0
kArmmukAsan	0	1
kArmmukAsana	1	0
kArpAsaparvata	0	1
kArpAsaparvvata	1	0
kArttakIjapAdi	0	1
kArttakOjapAdi	1	0
kArzWya	0	1
kArzwya	1	0
kAsa	2	1
kAsanASinI	1	0
kAsanASitI	0	1
kAwya	1	0
kAyAkASasambanDasaMyama	0	1
kAyAkASasambanDasayama	1	0
kAzWAmbuvAhinI	0	1
kAzWAmvavAhinI	1	0
kAzWalOhin	1	0
kAzWalohin	0	1
kAzWatakz	0	1
kAzWatakza	1	0
kE	1	0
kEMSuka	1	0
kESIra	1	0
kESabde	0	1
kESora	0	1
kESuka	0	1
kElAsAkas	1	0
kElAsokas	0	1
kEraven	0	1
kEravin	1	0
kEvArttimustaka	0	1
kEvarttimustaka	1	0
kF	3	1
kISaparRRa	1	0
kISaparRa	0	1
kIrRRa	1	0
kIrRRi	1	0
kIrRa	0	1
kIrRi	0	1
kIravarRRaka	1	0
kIravarRaka	0	1
kONgiRa	0	1
kONkiRa	1	0
kORqapAyina	1	0
kORqapAyinaM	0	1
kOSAmbeya	1	0
kOSIDAnya	1	0
kOSambeya	0	1
kOSiDAnya	0	1
kOkilI	1	0
kOkilo	0	1
kOkkuwikandala	1	0
kOkuwikandala	0	1
kOleSaBaravI	1	0
kOleSaBeravI	0	1
kOnapAYcAla	0	1
kOrma	0	1
kOrmma	1	0
kOrupAYcAla	1	0
kOstuBavakzam	0	1
kOstuBavakzas	1	0
kOvidArzya	1	0
kU	3	1
kURa	2	1
kUwapUrva	0	1
kUwapUrvva	1	0
ka	2	1
kaRWaSuRWAM	0	1
kaRWaSuRWI	1	0
kaRakIwI	0	1
kaRapraRAda	0	1
kaRqakIputra	1	0
kaRwakAzWIla	1	0
kaRwakAzwIla	0	1
kaSamuzwi	1	0
kaYjanABa	1	0
kaYjanAma	0	1
kad	1	0
kadAKya	1	0
kadAMKya	0	1
kada	3	4
kadalIkanda	0	1
kadalIkusuma	0	1
kadalokanda	1	0
kadambakIrakanyAya	1	0
kadambakorakanyAya	0	1
kaka	2	1
kakagatO	0	1
kakkIla	0	1
kakkola	1	0
kakzaDar	1	0
kakzaDara	0	1
kakzapa	1	0
kakzapra	0	1
kalApUrRRa	1	0
kalApUrRa	0	1
kalaDUta	1	0
kalaDrata	0	1
kalahakrapriya	0	1
kalahapriya	1	0
kalyARikA	1	0
kalyartta	0	1
kalyavartta	1	0
kamalabIja	0	1
kamalavIja	1	0
kambalArRRa	1	0
kambalArRa	0	1
kambukAzWA	1	0
kamukAzWA	0	1
kanIyas	1	0
kandaSAlA	0	1
kandalIkusuma	2	1
kandarpamaTana	0	1
kandarpamayana	1	0
kanduSAlA	1	0
kaniyas	0	1
kanizWa	1	0
kanizWakA	0	1
kanizWikA	1	0
kanizwa	0	1
kanyAhrada	0	1
kanyAhuda	1	0
kapAlaSiras	0	1
kapAlaSirasa	1	0
kapikacCUPalopamA	1	0
kapikacCaPalopamA	0	1
kapotacaraRA	1	0
kapotacaraRa	0	1
kapotalubDakIya	1	0
kapotalubDakoya	0	1
kapotavarRI	0	1
kapotavarRRI	1	0
kapurAla	0	1
kaqaca	0	1
kaqatra	1	0
karRAww	1	0
karRAwwa	0	1
karRImat	0	1
karRIraTa	0	1
karRIsuta	0	1
karRRImat	1	0
karRRIraTa	1	0
karRRIsuta	1	0
karRRa	1	0
karRRaBUzaRa	1	0
karRRaDAra	1	0
karRRaPala	1	0
karRRaSUla	1	0
karRRaSazkulI	1	0
karRRaSoBana	1	0
karRRaSrava	1	0
karRRadarpaRa	1	0
karRRadunduBi	1	0
karRRagataroga	1	0
karRRahIna	1	0
karRRajAha	1	0
karRRakaRqU	1	0
karRRakzveqa	1	0
karRRala	1	0
karRRalatA	1	0
karRRamala	1	0
karRRamowI	1	0
karRRanAda	1	0
karRRapAka	1	0
karRRapAli	1	0
karRRapAlyAmaya	1	0
karRRapUra	1	0
karRRapUraRa	1	0
karRRapUraka	1	0
karRRapaTa	1	0
karRRaparAkrama	1	0
karRRaparamparA	1	0
karRRaparvan	1	0
karRRapatraka	1	0
karRRapiSAcI	1	0
karRRaprAya	1	0
karRRapratinAha	1	0
karRRapura	1	0
karRRapuzpa	1	0
karRRasPowA	1	0
karRRasU	1	0
karRRasaMsrAva	1	0
karRRasrotas	1	0
karRRasrotoBava	1	0
karRRatAla	1	0
karRRavaMSa	1	0
karRRavarjjita	1	0
karRRaveDa	1	0
karRRavezwa	1	0
karRRaviz	1	0
karRRayoni	1	0
karRRecuracurA	1	0
karRRendu	1	0
karRRikA	1	0
karRRikAcala	1	0
karRRikAra	1	0
karRRopakarRRikA	1	0
karRRorRRa	1	0
karRa	1	2
karRaBUzaRa	0	1
karRaDAra	0	1
karRaPala	0	1
karRaSUla	0	1
karRaSazkulI	0	1
karRaSoBana	0	1
karRaSrava	0	1
karRadarpaRa	0	1
karRadunduBi	0	1
karRagataroga	0	1
karRahIna	0	1
karRajAha	0	1
karRakIwI	1	0
karRakaRqU	0	1
karRakzveqa	0	1
karRala	0	1
karRalatA	0	1
karRamala	0	1
karRamowI	0	1
karRanAda	0	1
karRapAka	0	1
karRapAlyAmaya	0	1
karRapAya	0	1
karRapUra	0	1
karRapUraRa	0	1
karRapUraka	0	1
karRapaTa	0	1
karRaparAkrama	0	1
karRaparamparA	0	1
karRaparvan	0	1
karRapatraka	0	1
karRapiSAcI	0	1
karRapraRAda	1	0
karRapratinAha	0	1
karRapura	0	1
karRapuzpa	0	1
karRasPowA	0	1
karRasU	0	1
karRasaMsrAva	0	1
karRasrotoBava	0	1
karRastrotas	0	1
karRatAla	0	1
karRavaMSa	0	1
karRavarjjita	0	1
karRaveDa	0	1
karRavezwa	0	1
karRaviz	0	1
karRayoni	0	1
karRecuracurA	0	1
karRendu	0	1
karRikA	0	1
karRikAcala	0	1
karRikAra	0	1
karRopakarRikA	0	1
karRorRa	0	1
karaBAdanI	0	1
karaBAdano	1	0
karaBaprivA	1	0
karaBapriyA	0	1
karaNga	0	1
karaNka	1	0
karadviz	1	0
karadviza	0	1
karaparRRa	1	0
karaparRa	0	1
karapatra	0	1
karapattra	1	0
karasna	1	0
karasra	0	1
karba	1	0
karbagatO	0	1
kare'wa	0	1
kare'wavyA	0	1
karewa	1	0
karewavyA	1	0
karjja	0	1
karjjapIqAyAm	1	0
karmADyakza	0	1
karmANga	0	1
karmASaya	0	1
karmAjIva	0	1
karmAnta	0	1
karmAra	0	1
karmArha	0	1
karmAtman	0	1
karmaBU	0	1
karmaRyaBuj	0	1
karmacezwA	0	1
karmacit	0	1
karmacita	0	1
karmacodanA	0	1
karmadeva	0	1
karmaja	0	1
karmapAli	0	1
karmayoga	0	1
karmin	0	1
karmmADyakza	1	0
karmmANga	1	0
karmmASaya	1	0
karmmAjIva	1	0
karmmAnta	1	0
karmmAra	1	0
karmmArha	1	0
karmmAtman	1	0
karmmaBIga	1	0
karmmaBU	1	0
karmmaBoga	0	1
karmmaRyaBuj	1	0
karmmacezwA	1	0
karmmacit	1	0
karmmacita	1	0
karmmacodanA	1	0
karmmadeva	1	0
karmmagrAnTa	1	0
karmmagranTi	0	1
karmmaja	1	0
karmmayoga	1	0
karmmin	1	0
karparAla	1	0
karttarI	1	0
katryAdi	0	1
kattarI	0	1
kattryAdi	1	0
kavikalpadrama	1	0
kavikalpadruma	0	1
kavyabAla	1	0
kavyavAla	0	1
kawPalAdicUrRRa	1	0
kawPalAdicUrRa	0	1
kawirIhaka	0	1
kawirohaka	1	0
kawubIjA	0	1
kawurIhiRI	1	0
kawurohiRI	0	1
kawuvIjA	1	0
kazWit	0	1
keRakA	0	1
keRikA	1	0
keSAkeSi	0	1
keSAkiSi	1	0
keSamuzwi	0	1
keSapakza	1	0
keSaparRI	0	1
keSaparRRI	1	0
kelikIrRRa	1	0
kelikIrRa	0	1
keta	2	1
kf	3	2
kfRaYca	0	1
kfRaYja	1	0
kfSa	2	1
kfmikarRRa	1	0
kfmikarRa	0	1
kfmilIdara	0	1
kfmilodara	1	0
kfmivAriruha	1	0
kfmivArisaha	0	1
kfpa	4	1
kftAvadAna	1	0
kftaGnApAKyAna	0	1
kftaGnopAKyAna	1	0
kftapUrvI	0	1
kftapUrvvI	1	0
kftaraTa	0	1
kftaraya	1	0
kftatAvadAna	0	1
kftattrimaDUpa	0	1
kftma	0	1
kftsa	1	0
kfttrimaDUpa	1	0
kftyavid	0	1
kftyavida	1	0
kfzRAnadI	1	0
kfzRAvrIhi	0	1
kfzRacUrRRa	1	0
kfzRacUrRa	0	1
kfzRagarBa	1	0
kfzRanadI	0	1
kfzRapiRqItaka	1	0
kfzRapiRqotaka	0	1
kfzRavarRRa	1	0
kfzRavarRa	0	1
kfzRavrIhi	1	0
kfza	2	1
kiYcaluka	0	1
kiYcilika	1	0
kizkuparvan	0	1
kizkuparvvan	1	0
klib	0	1
kliba	1	0
klokila	0	1
koNka	1	0
koNkza	0	1
koSAgAra	1	0
koSagAra	0	1
koWarapuzpI	0	1
koWarapuzpo	1	0
kojAgara	0	1
kojAnara	1	0
kokila	1	0
kolisarpa	0	1
kolisarpaH	1	0
komalAmana	0	1
komalAsana	1	0
kowaSa	0	1
kowiSa	1	0
kowitIrTa	0	1
kowitIrya	1	0
krAntisAmya	1	0
krAtisAmya	0	1
krada	2	3
krakacavyavahAra	0	1
krakacavyayadvAra	1	0
kranda	1	0
kratu	1	0
kratvIKara	0	1
kratvISvara	1	0
kraviRa	0	1
kravizRa	1	0
krayaSIrza	1	0
krayaSorza	0	1
krimiGa	1	0
krimiGna	0	1
kroqaparRI	0	1
kroqaparRRI	1	0
krozwakameKalA	0	1
krozwakarRRa	1	0
krozwakarRa	0	1
krozwukameKalA	1	0
krutu	0	1
kuRa	2	1
kuRqAda	0	1
kuRqoda	1	0
kuSAmana	0	1
kuSAsana	1	0
kuSalata	1	0
kuSalava	0	1
kuTa	3	1
kuWAwaNga	1	0
kuWAwaNkf	0	1
kuWa	3	1
kuYjarapiplI	0	1
kuYjarapippalI	1	0
kubAhula	1	0
kujap	0	1
kujapa	1	0
kukUwI	1	0
kukkaravAc	0	1
kukkuravAc	1	0
kukkuwABa	1	0
kukkuwARqa	1	0
kukkuwAma	0	1
kukkuwamastaka	1	0
kukkuwavrata	1	0
kukuwI	0	1
kukuwamastaka	0	1
kukuwavrata	0	1
kukwARqa	0	1
kulaparvata	0	1
kulaparvvata	1	0
kulavarRA	0	1
kulavarRRA	1	0
kumBabila	1	0
kumBabita	0	1
kumabyA	0	1
kumbyA	1	0
kunAman	0	1
kunAmat	1	0
kunalin	1	0
kunalina	0	1
kuntalISIra	0	1
kuntaloSIra	1	0
kupa	3	1
kuqa	4	3
kurRRaja	1	0
kurRaja	0	1
kurama	0	1
kurarIrutA	0	1
kurarorutA	1	0
kurasa	1	0
kurvARa	0	1
kurvAdi	0	1
kurvadrUpa	0	1
kurvat	0	1
kurvvARa	1	0
kurvvAdi	1	0
kurvvadrUpa	1	0
kurvvat	1	0
kuvAhula	0	1
kuvEdya	1	0
kuvedya	0	1
kuwwAra	1	0
kuwwa	2	1
kuzWita	1	0
kxpta	2	1
kzAraSraya	0	1
kzAratraya	1	0
kzIrAbDija	1	0
kzIrAbDitanayA	0	1
kzIrAbDitanaya	1	0
kzIrabDija	0	1
kzIrakaYcukI	1	0
kzIrakaYcukO	0	1
kzIraparRRin	1	0
kzIraparRin	0	1
kzIratEla	0	1
kzIratela	1	0
kzaRArAmin	0	1
kzaRarAmina	1	0
kzataviDvaMsin	1	0
kzataviDvasin	0	1
kzattrabakanDu	0	1
kzattrabanDu	1	0
kzayapakza	1	0
kzayepakza	0	1
kzetradUtI	1	0
kzetradrUtI	0	1
kzitiBft	0	1
kzitiDardDana	0	1
kzitimft	1	0
kzitivardDana	1	0
kzitivyudAsa	1	0
kzitizyudAma	0	1
kzuBa	3	1
kzuD	2	1
kzuDa	0	1
kzuRRa	1	0
kzuRa	1	2
kzudodumbarikA	1	0
kzudopodikA	1	0
kzudrARqamatsyasaMGAta	1	0
kzudrARqamatsyasaNGAta	0	1
kzudrAkamalasaMjYa	0	1
kzudrAmalasaMjYa	1	0
kzudracandana	1	0
kzudracandrana	0	1
kzudrakaRWikA	1	0
kzudrakaRwikA	0	1
kzudraparRRa	1	0
kzudraparRa	0	1
kzudrasuvarRRa	1	0
kzudrasuvarRa	0	1
kzudreNgadI	0	1
kzudreNgudI	1	0
kzudrodumbarikA	0	1
kzudropodikA	0	1
kzupa	2	1
kzura	2	1
kzvida	2	1
lANgalI	1	0
lANgalO	0	1
laRqa	1	0
laRqra	0	1
laSana	0	1
laSuna	1	0
lagula	0	1
lagura	0	1
lajjirI	1	0
lajjiro	0	1
lakAro	1	0
lakzyAsana	0	1
lakzyasana	1	0
lambozWa	1	0
lambozwa	0	1
lasa	1	2
lavaRAbDija	1	0
lavaRabDija	0	1
laza	1	2
leKyapatra	0	1
leKyapattra	1	0
liNgabardDinI	1	0
liNgavardDinI	0	1
lipika	0	1
lipikara	1	0
lohArgala	0	1
lohArmala	1	0
lohasaNkara	1	0
lohitAyas	0	1
lohitAyasa	2	1
lolasaNkara	0	1
mAMsinI	1	0
mAMsinO	0	1
mAdfS	1	0
mAkzi	0	1
mAkzika	1	0
mAnasOkam	0	1
mAnasOkas	1	0
mArjjArI	1	2
mArjjArIya	1	0
mAtra	1	0
mAwwaS	0	1
mAwwaSaS	0	1
mAwwakzaS	0	1
mAyAvat	0	1
mAyAvata	1	0
mEtreya	1	0
mEttrIya	0	1
mUlapItI	0	1
mUlapotI	1	0
mUrta	0	1
mUrtta	1	0
mUtrakfcCa	0	1
mUtrakfcCra	1	0
mUzakaparRI	0	1
mUzakaparRRI	1	0
mUzikaparRI	0	1
mUzikaparRRI	1	0
maNgalaka	0	1
maNgalyatAmaDeyA	1	0
maNkalaka	1	0
maRidvIpa	0	1
maRidvIza	1	0
maRqIdaka	0	1
maRqodaka	1	0
maYcara	0	1
maYjara	1	0
madanabIja	0	1
madanavIja	1	0
mahASaNKa	0	1
mahASaNka	1	0
mahASatAbarI	1	0
mahASatAvarI	0	1
mahAnadI	1	0
mahApatrA	0	1
mahApattrA	1	0
majjan	0	1
majjat	1	0
makAraH	1	0
malAnadI	0	1
malli	1	0
mallillI	0	1
manTA	0	1
mana	7	8
manaqa	1	0
manyA	1	0
marI	0	1
mari	0	1
marica	1	0
maricapattraka	1	0
masi	0	1
masijala	1	0
matinIra	1	0
matinora	0	1
mazkaSUnya	0	1
meDam	0	1
meDas	1	0
meGajyAtis	1	0
meGajyotis	0	1
meGavarRA	0	1
meGavarRRA	1	0
mehaDnI	0	1
mehaGnI	1	0
mfRA	0	1
mfRa	1	0
mfd	1	0
mfdu	1	2
mfgAviD	1	0
mfgAviDa	0	1
mfgabaDAjIva	1	0
mfgavaDAjIva	0	1
mfqa	2	1
mftyubIja	0	1
mftyuvIja	1	0
miSnitA	0	1
miSritA	1	0
mitaMpaca	0	1
mitampaca	1	0
mitrayu	0	1
mittrayu	1	0
mnA	1	0
mrA	0	1
muKavyAdAna	0	1
muKavyAdAnaM	1	0
muSalin	0	1
muSalya	0	1
mudgaparRI	0	1
mudgaparRo	1	0
muktApAlamba	0	1
muktAprAlamba	1	0
mukum	1	0
mukuma	0	1
muzala	0	1
muzalin	0	1
muzalya	0	1
muzasa	1	0
muzkaSunya	1	0
nAgAYcalA	1	0
nAgAYcanA	0	1
nAgAYjalA	0	1
nAgAYjanA	1	0
nAgArjunIya	0	1
nAgArjunoya	1	0
nAgavi	0	1
nAgavila	1	0
nAgodBeda	0	1
nAgodreda	1	0
nAmayajYA	1	0
nAmayajYa	0	1
nESSreyasa	1	0
nESaSreyasa	0	1
nEtISa	0	1
nEtoSa	1	0
nEyaNkava	1	0
nEyaNkaya	0	1
nEzazRihya	0	1
nEzzRihya	1	0
nIlaNgu	1	0
nIlaNguM	0	1
nIlasinDavAra	1	0
nIlasinDuvAra	0	1
nIlavarRABU	0	1
nIlavarzABU	1	0
nUtna	0	1
nUtra	1	0
naBIga	1	0
naBo'mbupa	0	1
naBoga	0	1
naBombupa	1	0
naBrAj	1	0
nadIpati	1	0
nadIvaNga	0	1
nadIvaNka	1	0
nadapati	0	1
nagOkam	0	1
nagOkas	1	0
naganadI	1	0
naganadO	0	1
nakAraH	1	0
namrAj	0	1
napAMSa	0	1
narasiMhapurARam	0	1
narasiMhapurARama	1	0
navabaDU	1	0
navavaDU	0	1
nawasaMjYaka	0	1
nawasajYaka	1	0
net	0	1
neta	1	0
nfpAMSa	1	0
nfpatnI	0	1
nfpatrI	1	0
nfvajYa	1	0
nfyajYa	0	1
niDyAn	1	0
niDyAna	0	1
nicIlaka	0	1
nicolaka	1	0
nicumpraRa	1	0
nicumpuRa	0	1
nidrAsaMjanana	1	0
nidrAsaYjanana	0	1
nikava	1	0
nikaza	0	1
nikuYjikAmnA	0	1
nikuYjikAmrA	1	0
nimittabaDa	1	0
nimittavaDa	0	1
nimittavid	0	1
nimittavida	1	0
nimnetukA	0	1
nirAmAlu	1	0
nirRAma	0	1
nirRAyana	0	1
nirRRAma	1	0
nirRRAyana	1	0
niramAlu	0	1
nirbuza	1	0
nirganDapuzpI	0	1
nirganDapuzpO	1	0
nirjara	0	1
nirjaraM	1	0
nirmretukA	1	0
nirvAYc	1	0
nirvAYca	0	1
nirviRRa	1	0
nirviRa	0	1
nirvuza	0	1
nivaha	0	1
nivahf	1	0
nivid	1	0
nivida	0	1
nizAdavat	1	0
nizRAta	0	1
nizRRAta	1	0
nizaRRa	1	0
nizaRa	0	1
nizad	1	0
nizada	0	1
nizkamBu	1	0
nizkammu	0	1
nizpanda	1	0
nizpulAka	0	1
nizpustAka	1	0
nizyadavat	0	1
nizzpanda	0	1
o	2	1
oGaraDa	0	1
oGaraTa	1	0
okodanI	0	1
okodano	1	0
pA	2	1
pARItaka	1	0
pARiDarma	0	1
pARiDarmma	1	0
pARihoma	1	0
pARikUrcA	0	1
pARikUrccA	1	0
pARikarman	0	1
pARikarmman	1	0
pARimarda	0	1
pARimardda	1	0
pARisargyA	1	0
pARisvAnaka	1	0
pARivAda	1	0
pARqakapuzpikA	0	1
pARqarapuzpikA	1	0
pARqukarman	0	1
pARqukarmman	1	0
pAWAdyacUrRa	0	1
pAWAqyacUrRa	1	0
pAd	1	0
pAdData	1	0
pAdarajjvu	0	1
pAdarajjyu	1	0
pAdvata	0	1
pAjaps	1	0
pAjas	0	1
pAla	2	1
pAliMhira	1	0
pAlihira	0	1
pApardDi	1	0
pApardvi	0	1
pArSvEkAdaSI	0	1
pArSvekAdaSI	1	0
pArSvodarApraya	1	0
pArSvodarapriya	0	1
pAra	2	1
pAradArya	0	1
pAradAryya	1	0
pAramparya	0	1
pAramparyopadeSa	0	1
pAramparyya	1	0
pAramparyyopadeSa	1	0
pArihArya	0	1
pArihAryya	1	0
pArikarmika	0	1
pArikarmmika	1	0
pAritIzika	1	0
pAritozika	0	1
pAruRa	0	1
pAruzRa	1	0
pAryAptika	0	1
pArya	0	1
pAryyAptika	1	0
pAryya	1	0
pArzRI	0	1
pArzRi	1	0
pArzad	1	0
pAtrebahala	1	0
pAtrebahula	0	1
pEnadDaka	1	0
pEnadvaka	0	1
pF	2	1
pIWasaMrpa	1	0
pIWasarpa	0	1
pIhan	0	1
pItabIjA	1	0
pItalIha	1	0
pItaloha	0	1
pItavAsam	1	0
pItavAsas	0	1
pItavIjA	0	1
pIvIpavasana	1	0
pIvopavasana	0	1
pORqamAtsyaka	0	1
pORqarya	0	1
pORqaryya	1	0
pORqramAtsyaka	1	0
pOrAgIva	1	0
pOrAgIya	0	1
pOrvAparya	0	1
pOrvAparyya	1	0
pOrvArdDa	1	0
pOrvArdDya	0	1
pU	3	1
pUrRAvabAta	1	0
pUrRAvatAra	0	1
pUrRakakud	1	0
pUrRakakuda	0	1
pUra	3	1
pUrba	0	1
pUrbaBAva	0	1
pUrbaBAvin	0	1
pUrbaBadrapadA	0	1
pUrbaPalgunI	0	1
pUrbaPalgunIBava	0	1
pUrbacitti	0	1
pUrbadakziRA	0	1
pUrbadeSa	0	1
pUrbadeva	0	1
pUrbadevatA	0	1
pUrbadiS	0	1
pUrbadigbala	0	1
pUrbadigvadana	0	1
pUrbadikpati	0	1
pUrbadizwa	0	1
pUrbagaNgA	0	1
pUrbaja	0	1
pUrbajina	0	1
pUrbakAlika	0	1
pUrbakAya	0	1
pUrbakarman	0	1
pUrbakft	0	1
pUrbakowi	0	1
pUrbanadI	0	1
pUrbapAYcAlaka	0	1
pUrbapAda	0	1
pUrbapAlin	0	1
pUrbapAwaliputraka	0	1
pUrbapIWikA	0	1
pUrbapUrba	0	1
pUrbapada	0	1
pUrbapakza	0	1
pUrbaparvata	0	1
pUrbapitAmaha	0	1
pUrbapuruza	0	1
pUrbarAga	0	1
pUrbayakza	0	1
pUrvAdi	1	0
pUrvAhRa	1	0
pUrvAhRatana	1	0
pUrvAhRika	1	0
pUrvAnilaH	1	0
pUrvAnuyoga	1	0
pUrvApahAnA	1	0
pUrvApara	1	0
pUrvArdDya	1	0
pUrvAtiTi	1	0
pUrvAzAQA	1	0
pUrva	3	2
pUrvaBAva	1	0
pUrvaBAvin	1	0
pUrvaBadrapadA	1	0
pUrvaPalgunI	1	0
pUrvaPalgunIBava	1	0
pUrvacitti	1	0
pUrvadakziRA	1	0
pUrvadeSa	1	0
pUrvadeva	1	0
pUrvadevatA	1	0
pUrvadi	0	1
pUrvadiS	1	0
pUrvadigbala	1	0
pUrvadigvadana	1	0
pUrvadikpati	1	0
pUrvadizwa	1	0
pUrvagaNgA	1	0
pUrvahRa	0	1
pUrvahRatana	0	1
pUrvahRika	0	1
pUrvaja	1	0
pUrvajina	1	0
pUrvakAlika	1	0
pUrvakAya	1	0
pUrvakarmman	1	0
pUrvakft	1	0
pUrvakowi	1	0
pUrvanadI	1	0
pUrvanilaH	0	1
pUrvanuyoga	0	1
pUrvapAYcAlaka	1	0
pUrvapAda	1	0
pUrvapAlin	1	0
pUrvapAwaliputraka	1	0
pUrvapIWikA	1	0
pUrvapUrva	1	0
pUrvapada	1	0
pUrvapahAnA	0	1
pUrvapakza	1	0
pUrvapara	0	1
pUrvaparvata	1	0
pUrvapitAmaha	1	0
pUrvapuruza	1	0
pUrvarAga	1	0
pUrvardvya	0	1
pUrvatiTi	0	1
pUrvattarA	0	1
pUrvayakza	1	0
pUrvazAQA	0	1
pUrvottarA	1	0
pUrya	0	1
pUryya	1	0
pUya	2	1
pUza	2	1
pUzaDra	1	0
pUzaGra	0	1
paH	1	0
paNga	0	1
paNgu	1	0
paNkagati	1	0
paNkagrAha	0	1
paNkagrAhf	1	0
paRItaka	0	1
paRa	2	1
paRihoma	0	1
paRisargyA	0	1
paRisvAnaka	0	1
paRivAda	0	1
paRqitaman	0	1
paRqitiman	1	0
paRyaviknayaSAlA	1	0
paRyavikrayaSAlA	0	1
paScArdDa	1	0
paScArdva	0	1
paSuDarma	0	1
paSuDarmma	1	0
paSucaryA	0	1
paSucaryyA	1	0
paSurajju	0	1
paSurajjvu	1	0
paTa	3	1
paYcApsAras	0	1
paYcApsaras	1	0
paYcIkaraRa	1	0
paYcacIra	1	0
paYcacora	0	1
paYcapAd	1	0
paYcapAda	0	1
paYcarAKewa	0	1
paYcasvarIdaya	1	0
paYcasvarodaya	0	1
paYcokaraRa	0	1
paYjarAKewa	1	0
pacCada	0	1
pacamakuwA	0	1
pacaprakuwA	1	0
padAdyavid	1	0
padAdyavida	0	1
padDati	1	0
pada	5	2
padvati	0	1
pakkapOqa	0	1
paktapOqa	1	0
pakti	1	2
pakzADAta	1	0
pakzAGAta	0	1
pakza	3	1
palla	2	1
pallavANkara	1	0
pallavANkura	0	1
pannadDA	1	0
pannadDrI	1	0
pannadvA	0	1
pannadvrI	0	1
paqa	2	1
parApur	1	0
parApura	0	1
parRRamuc	1	0
parRakfcCa	0	1
parRakfcCra	1	0
parRamuc	0	1
paraDarma	0	1
paraDarmma	1	0
parasaMjYaka	1	0
parasaYjYaka	0	1
paratogrAhma	1	0
paratogrAhya	0	1
pardda	2	1
paredyas	0	1
paredyus	1	0
pariRAmadaSin	1	0
pariRAmadarSin	0	1
paricaryA	0	1
paricaryyA	1	0
parihArya	0	1
parihAryya	1	0
parijaya	0	1
parijayya	1	0
parimiti	1	0
parisaMKyA	1	0
parisaMKyAta	1	0
parisaNKyA	0	1
parisaNKyAta	0	1
parisaryA	0	1
parisaryyA	1	0
parisrAva	0	1
parisrava	2	1
parivfMhita	1	0
parivfhita	0	1
parizadya	1	0
parizkaRRa	1	0
parizkaRa	0	1
parizkata	0	1
parizkfta	1	0
parjanyapatnI	0	1
parjjanyapatnI	1	0
parolaGa	1	0
parolakza	0	1
parpa	2	1
parvatavAsin	0	1
parvatavAsina	1	0
paryARa	0	1
paryARahana	0	1
paryAcAnta	0	1
paryAcita	0	1
paryAlI	0	1
paryAlocana	0	1
paryAplAva	0	1
paryApta	0	1
paryApti	0	1
paryAriRI	0	1
paryAsa	0	1
paryAvarttana	0	1
paryAyaSayana	0	1
paryAyokta	0	1
paryaNka	0	1
paryaNkabanDa	0	1
paryaNkapAdikA	0	1
paryaNkya	0	1
paryagnikfta	0	1
paryanta	0	1
paryantaBU	0	1
paryantikA	0	1
paryanuyoga	0	1
paryanuyojya	0	1
paryanuyojyopekzaRa	0	1
paryanya	0	1
paryasana	0	1
paryasta	0	1
paryasti	0	1
paryavasAna	0	1
paryavasTA	0	1
paryavasita	0	1
paryawana	0	1
paryaya	0	1
paryehi	0	1
paryezaRA	0	1
paryyARa	1	0
paryyARahana	1	0
paryyAcAnta	1	0
paryyAcita	1	0
paryyAlI	1	0
paryyAlocana	1	0
paryyAplAva	1	0
paryyApta	1	0
paryyApti	1	0
paryyAriRI	1	0
paryyAsa	1	0
paryyAvarttana	1	0
paryyAyaSayana	1	0
paryyAyokta	1	0
paryyaNka	1	0
paryyaNkabanDa	1	0
paryyaNkapAdikA	1	0
paryyaNkya	1	0
paryyagnikfta	1	0
paryyanta	1	0
paryyantaBU	1	0
paryyantikA	1	0
paryyanuyoga	1	0
paryyanuyojya	1	0
paryyanuyojyopekzaRa	1	0
paryyanya	1	0
paryyasana	1	0
paryyasta	1	0
paryyasti	1	0
paryyavasAna	1	0
paryyavasTA	1	0
paryyavasita	1	0
paryyawana	1	0
paryyaya	1	0
paryyehi	1	0
paryyezaRA	1	0
patidebatA	1	0
patidevatA	0	1
pattrAli	0	1
pattrAvali	1	0
pattralabaRa	1	0
pattralavaRa	0	1
pattrya	1	0
pattya	0	1
pawa	4	1
pawaveSman	0	1
pawawiSa	0	1
pawazeSman	1	0
pawupatrikA	0	1
pawutrikA	1	0
pawwiSa	1	0
payasya	2	1
pecakim	1	0
pecakin	0	1
pela	2	1
pesala	0	1
pezala	0	1
pf	4	1
pfTavi	0	1
pfTivI	0	1
pfTivi	0	1
pfTuskanDa	1	0
pfTuskanda	0	1
pfca	2	1
pfkti	1	0
pfzWagIpa	1	0
pfzWagopa	0	1
piNgacakzum	0	1
piNgacakzus	1	0
piNgekzaRa	0	1
piNgokzaRa	1	0
piRqAnvAhAryaka	0	1
piRqAnvAhAryyaka	1	0
piRqIpuzpa	1	0
piRqapAda	1	0
piRqatarku	0	1
piRqatarkuka	1	0
piRqopuzpa	0	1
piWInas	1	0
piWonas	0	1
piYcikA	0	1
piYjikA	1	0
pinadDa	1	0
pinadva	0	1
pitfmaGa	1	0
pitfmeDa	0	1
pitfyajYa	0	1
pitfyaja	1	0
pitfzvasf	1	0
pitfzvasvasf	0	1
plakza	2	1
pliha	1	0
plihan	1	0
pluza	3	1
potabaRij	1	0
potavaRij	0	1
powagala	0	1
powamaMla	1	0
pozayitnu	0	1
pozayitru	1	0
prABAYjana	0	1
prABaYjana	1	0
prANganyAya	0	1
prANnyAya	1	0
prASitrAharaRa	1	0
prAYjali	1	0
prAc	2	1
prAcInabarhim	0	1
prAcInabarhis	1	0
prAgBakta	1	0
prAgaBakta	0	1
prAgvaMSa	1	0
prAgvaSa	0	1
prAjjali	0	1
prAkftaSatru	1	0
prAkftajvara	1	0
prAkftamitra	1	0
prAkftapralaya	1	0
prAkftika	1	0
prAtaHsavana	0	1
prAtaHsavena	1	0
prAtihartra	0	1
prAtiharttra	1	0
prAtijanIna	1	0
prAtijatIna	0	1
prAtiniDika	1	0
prAyudDezin	1	0
prAyudvezin	0	1
prI	4	1
prItivardDana	1	0
prItivardvana	0	1
praButvAkzepa	1	0
praButvokzepa	0	1
praGawAvid	1	0
praGawAvida	0	1
praRIna	1	0
praRIta	0	1
praRapAt	1	0
praRapAta	0	1
praSAMsopamA	0	1
praSaMsopamA	1	0
praSitrAharaRa	0	1
praSivya	1	0
praSizya	0	1
praSlaTa	0	1
praSlaya	1	0
praSnopanizad	1	0
praSnopanizada	0	1
praTiminI	0	1
praTimino	1	0
prabalahikA	0	1
prabalhikA	1	0
prabudDa	1	0
prabudva	0	1
pracCAdana	0	1
pracCAdrana	1	0
pracCada	1	0
pracyava	0	1
pracyaya	1	0
pragAQa	1	0
pragaQa	0	1
prahnAda	0	1
prahrAda	1	0
prakKa	0	1
prakKara	1	0
prakarI	0	1
prakarO	1	0
prakftaSatru	0	1
prakftajvara	0	1
prakftamitra	0	1
prakftapralaya	0	1
prakftika	0	1
pramlocA	0	1
pramlocAstrI	1	0
pramocamI	0	1
pramocanI	1	0
pramuc	0	1
pramuca	1	0
pramud	1	0
pramuda	0	1
prapA	1	0
praprA	0	1
praruha	1	0
prasU	0	1
prasUM	1	0
prasaMKyAna	1	0
prasaNKyAna	0	1
prasaRva	0	1
prasavasTalI	1	0
prasavasTalO	0	1
praskaRva	1	0
prasuhma	1	0
prasuhya	0	1
prasved	1	0
prasveda	0	1
pratiDarttf	1	0
pratiDarttu	0	1
pratibanDakA	0	1
pratibanDaka	1	0
pratibimbana	0	1
pratibimbavAda	0	1
pratibimbita	0	1
pratibudDa	1	0
pratibudva	0	1
pratikarman	0	1
pratikarmman	1	0
pratipatturya	0	1
pratipatturyya	1	0
pratisUrya	0	1
pratisUryya	1	0
pratisaMKyA	1	0
pratisaMKyAniroDa	1	0
pratisaNKyA	0	1
pratisaNKyAniroDa	0	1
pratisarga	0	1
pratisarma	1	0
pratisarya	0	1
pratisaryya	1	0
pratispaSa	1	0
pratisparSa	0	1
pratitantrasidDAnta	1	0
pratitantrasidvAnta	0	1
prativimbana	1	0
prativimbavAda	1	0
prativimbita	1	0
prativizRu	0	1
prativizRuka	1	0
pratizidDa	1	0
pratizidva	0	1
pratvakzasa	1	0
pratyADmAna	0	1
pratyADyAna	1	0
pratyASrAva	1	0
pratyASrAvaM	0	1
pratyApatti	0	1
pratyApattiKI	1	0
pratyaNgirA	1	0
pratyaSmam	0	1
pratyaSman	1	0
pratyakacetana	1	0
pratyakaparRI	1	0
pratyakcetana	0	1
pratyakparRI	0	1
pratyakpuzapI	0	1
pratyakpuzpI	1	0
pratyaksrotam	0	1
pratyaksrotas	1	0
pratyavarIha	1	0
pratyavaroha	0	1
pratyaza	0	1
pratyekabudDa	0	1
pratyekzas	0	1
pratyokabudDa	1	0
pratyunnamaja	0	1
pratyunnamana	1	0
pratyuza	1	0
pravadyAma	1	0
pravadyAman	0	1
pravahli	1	0
pravahni	0	1
pravayA	0	1
pravayyA	1	0
pravfYcanIya	0	1
pravfYjanIya	1	0
prayAjavat	0	1
prayAjavata	1	0
prayAma	2	1
prayAsa	0	1
prayanta	1	2
prazwf	1	0
prazwu	0	1
preNKA	1	0
preNKaRa	1	0
preNKita	1	0
preNKola	1	0
preNkzA	0	1
preNkzaRa	0	1
preNkzita	0	1
preNkzola	0	1
pretakarman	0	1
pretakarmman	1	0
priyAla	1	0
priyAlaM	0	1
priyaNga	0	1
priyaNgu	1	0
priyaNkaraRa	0	1
priyaNkaraSa	1	0
priyavata	0	1
priyavrata	1	0
proTa	2	1
proYCana	1	0
procCana	0	1
prokzaRRa	1	0
prokzaRa	0	1
pruza	2	1
psA	2	1
puRqarya	0	1
puRqaryya	1	0
puRyakarman	0	1
puRyakarmman	1	0
puTa	3	1
pucCa	2	1
pula	3	1
punarAgamana	1	0
punarAmamana	0	1
punarRRava	1	0
punarRava	0	1
punarjamman	0	1
punarjanman	1	0
punarutmfzwa	0	1
punarutsfzwa	1	0
punaryaca	1	0
punaryajYa	0	1
purAkaTA	0	1
purAkayA	1	0
purAvid	1	0
purAvida	0	1
puraSCada	1	0
puracCada	0	1
purajit	0	1
purajita	1	0
puratas	0	1
puratasa	1	0
puro'nuvAkyA	0	1
purohitAdi	1	0
purohitAhi	0	1
puronuvAkyA	1	0
purudaMSam	0	1
purudaMSas	1	0
puruvargaBa	0	1
puruvargas	1	0
puruzAda	2	1
purva	2	1
pusta	2	1
pustakarman	0	1
pustakarmman	1	0
putrAcArya	0	1
putrAcAryya	1	0
puwa	4	3
puza	4	1
puzkaraprAdurBAva	0	1
puzkaraprAdurBAvaH	1	0
puzkarasad	0	1
puzkarasada	1	0
puzpa	2	1
pyuza	2	1
qa	2	1
rAhUtmfzwa	0	1
rAhUtsfzwa	1	0
rAhucCatra	0	1
rAhucCattra	1	0
rAhumUrdDaBid	1	0
rAhumUrdDaBida	0	1
rAjAlAbU	1	0
rAjAlAvU	0	1
rAmajanagI	1	0
rAmajananI	0	1
rAtrimARi	1	0
rAtrimaRi	0	1
rAtrisatra	0	1
rAtrisattra	1	0
rIWAkaMraYja	1	0
rIWAkaraYja	0	1
rUkzapatra	0	1
rUkzapattra	1	0
radan	0	1
radana	1	0
rahas	0	1
rahasa	1	0
raktAkAra	1	0
raktAkAru	0	1
raktapramava	1	0
raktaprasava	0	1
raktaraRu	1	0
raktareRu	0	1
retas	0	1
retasa	1	0
rohiRyAM	0	1
rohin	0	1
rohina	1	0
rohit	0	1
rohita	2	1
rucyakanda	0	1
rucyakandaM	1	0
rudrAkrIqa	1	0
rudrAkroqa	0	1
ruz	0	1
ruza	4	3
sADAraRaDarma	0	1
sADAraRaDarmma	1	0
sANkarya	0	1
sANkaryya	1	0
sAhAya	0	1
sAhAyya	1	0
sAhacarya	0	1
sAhacaryya	1	0
sAlaniryAsa	1	0
sAlaniyAya	0	1
sAnnAya	0	1
sAnnAyya	1	0
sAntAnika	0	1
sAntrAnika	1	0
sAraBUzikA	0	1
sAraja	0	1
sArajaM	1	0
sAramUzikA	1	0
sArvajAnIna	0	1
sArvajanIna	1	0
sAta	2	1
sAyakapuNKA	1	0
sAyakapuNkzA	0	1
sOkarya	0	1
sOkaryya	1	0
sOndarya	0	1
sOndaryya	1	0
sPawikAdriBid	1	0
sPawikAdriBidu	0	1
sTApana	0	1
sTApanaM	1	0
sTErya	0	1
sTEryya	1	0
sTUlElA	1	0
sTUlEraRqa	1	0
sTUlelA	0	1
sTUleraRqa	0	1
sTagana	1	0
sTagata	0	1
sTeyam	0	1
sTeyas	1	0
sTirapatra	0	1
sTirapattra	1	0
sUcIpatrA	0	1
sUcIpattrA	1	0
sUcipatraka	0	1
sUcipattraka	1	0
sUdADyajYa	0	1
sUdADyakza	1	0
sUkzmabIja	0	1
sUkzmavIja	1	0
sUrkzyaRa	0	1
sUryyAloka	1	0
sUryyAvarca	1	0
sUryyAvartta	0	1
sUryyaloka	0	1
sUryyamaRI	1	0
sUryyamaRi	0	1
saBaraBa	0	1
saDarmacAriRI	0	1
saDarman	0	1
saDarmmacAriRI	1	0
saDarmman	1	0
saDryac	1	0
saDyac	0	1
saMGa	1	0
saMGarza	1	0
saMGawwa	1	0
saMSaptaka	1	0
saMSaraRa	1	0
saMSayAlu	1	0
saMSayAtman	1	0
saMSaya	1	0
saMSayasTa	1	0
saMSayasama	1	0
saMSayitf	1	0
saMScat	1	0
saMSita	1	0
saMSitavrata	1	0
saMSleza	1	0
saMSlizwa	1	0
saMSrava	1	0
saMSraya	1	0
saMSruta	1	0
saMSudDi	1	0
saMSyAna	1	0
saMgrAhin	1	0
saMjYAsuta	1	0
saMjYa	1	0
saMjYajYApana	1	0
saMjYu	1	0
saMjvara	1	0
saMkrAnti	1	0
saMkzepa	1	0
saMkzoBa	1	0
saMlApa	1	0
saMlagna	1	0
saMlaya	1	0
saMmarda	1	0
saMrADana	1	0
saMrAva	1	0
saMrUQa	1	0
saMramBa	1	0
saMroDa	1	0
saMsAracakra	0	1
saMsAracakrana	1	0
saMsad	1	0
saMsakta	1	0
saMsaraRa	1	0
saMsarga	1	0
saMstryAya	1	0
saMstyAya	0	1
saMvAha	1	0
saMvAhana	1	0
saMvAra	1	0
saMvAsa	1	0
saMvIkzaRa	1	0
saMvIta	1	0
saMvadana	1	0
saMvaha	1	0
saMvalita	1	0
saMvara	1	0
saMvardDaka	1	0
saMvartta	1	0
saMvarttaka	1	0
saMvarttakin	1	0
saMvarttikA	1	0
saMvasaGa	1	0
saMvat	1	0
saMvatsara	1	0
saMveSa	1	0
saMveSana	1	0
saMveda	1	0
saMvega	1	0
saMvfta	1	0
saMviDAna	1	0
saMvid	1	0
saMvidA	1	0
saMvidita	1	0
saMvidvyatikrama	1	0
saMvigna	1	0
saMvitti	1	0
saMvizA	1	0
saMvyAna	1	0
saMyAva	1	0
saMya	1	0
saMyadvAma	1	0
saMyadvara	1	0
saMyamanI	1	0
saMyamana	1	0
saMyamin	1	0
saMyantf	1	0
saMyat	1	0
saMyata	1	0
saMyatvara	1	0
saMyoga	1	0
saMyogapfTaktva	1	0
saMyogavirudDa	1	0
saMyojana	1	0
saMyojita	1	0
saMyuga	1	0
saMyuj	1	0
saMyukta	1	0
saMyuta	1	0
saNGAtapatrikA	0	1
saNGAtapattrikA	1	0
saNGaSam	0	1
saNGaSas	1	0
saNgrAhin	1	0
saNgrAma	2	1
saNgrahin	0	1
saNkrAnti	0	1
saYcAya	0	1
saYcAyya	1	0
sadAprasUna	1	0
sadBan	0	1
sadaya	1	0
sadman	1	0
sadvfta	0	1
sadvftta	1	0
sadyoBAvin	1	0
sagoca	1	0
sagotra	0	1
sahAprasUta	0	1
sahaBAvin	1	0
sahaMBAvin	0	1
sahacarI	1	0
sahasrapAda	2	1
sahasrapAdu	0	1
sahasrapatra	0	1
sahasrapattra	1	0
sahasravIryA	0	1
sahasravIryyA	1	0
sahva	0	1
sahya	1	0
sakAra	1	0
sakarmaka	0	1
sakarmmaka	1	0
sakftPalA	1	0
samADmAta	1	0
samADyAta	0	1
samAnodarya	0	1
samAnodaryya	1	0
samacittA	0	1
samacitta	1	0
samantatam	0	1
samantatas	1	0
samarTan	0	1
samarTana	1	0
samaraBa	1	0
samaryAda	0	1
samaryyAda	1	0
samazWila	1	0
samazWizWIla	0	1
samfdDi	1	0
sammuKIna	1	0
sampArkin	0	1
sampAti	1	0
samparkin	1	0
sampuwa	1	0
samrAj	0	1
samrAja	1	0
samucCasita	0	1
samucCaya	0	1
samucCita	0	1
samucCraya	1	0
samucCrita	1	0
samucCvasita	1	0
samudDaraRa	1	0
samuddaraRa	0	1
sanDyA	0	1
sanat	0	1
sanata	1	0
sanmuKIna	0	1
sannipAtita	0	1
sannipatita	1	0
saparyA	0	1
saparyyA	1	0
sapatrAkaraRa	0	1
sapattrAkaraRa	1	0
saptapatra	0	1
saptapattra	1	0
saranti	0	1
sarapattikA	0	1
sarapattrikA	1	0
saratni	1	0
sarayasaMvara	0	1
saritAmpati	1	0
saritAmyati	0	1
sarjaniryAsaka	0	1
sarjaniryyAsaka	1	0
sarjikzAra	1	0
sarjikzara	0	1
sarpadantI	1	0
sarpadanto	0	1
sarpapuzpI	1	0
sarpapuzpo	0	1
sarvajAnIna	0	1
sarvajanIna	1	0
sarvavid	1	0
sarvavidu	0	1
sasyasaMvara	1	0
satkAryavAda	0	1
satkAryyavAda	1	0
satkarman	0	1
satkarmman	1	0
satpatra	0	1
satpattra	1	0
satputra	0	1
satputtra	1	0
satrAjit	1	2
satraSAlA	0	1
satri	0	1
satrin	0	1
sattrAjit	1	0
sattraSAlA	1	0
sattri	1	0
sattrin	1	0
satyAnfta	0	1
satyAnftaM	1	0
satyoBAvin	0	1
savayam	0	1
savayas	1	0
savidalla	0	1
savyasAMcin	1	0
savyasAcin	0	1
sayya~ma	1	0
sfvftta	0	1
siDma	1	0
sidDma	0	1
sindUrAtalaka	1	0
sindUratilakapuMstrI	0	1
smarasmarya	0	1
smarasmaryya	1	0
snAyvarman	0	1
snAyvarmman	1	0
snehabIja	0	1
snehavIja	1	0
snigDapatraka	0	1
snigDapattraka	1	0
sodarya	0	1
sodaryya	1	0
somasidDAnta	1	0
sozyantIhoma	0	1
sozyantohoma	1	0
sroto'Yjana	0	1
srotoYjana	1	0
srupa	0	1
sruva	1	0
stanayitnu	0	1
stanayitru	1	0
strIDarma	0	1
strIDarmma	1	0
strIpuMDarma	0	1
strIpuMDarmma	1	0
strIsaNgrahaRa	0	1
strIsagrahaRa	1	0
suBru	0	1
suBruBrU	1	0
suDanvAcAryya	1	0
suDanvacArya	0	1
suDarmA	0	1
suDarman	0	1
suDarmmA	1	0
suDarmman	1	0
suKAyata	0	1
suKAyataM	1	0
sucitrabIjA	0	1
sucitravIjA	1	0
suhfd	0	1
suhfda	1	0
sujIvantI	1	0
sujIvantO	0	1
sukarmBan	1	0
sukarmman	0	1
sulpaluRWa	0	1
sumanIrajas	1	0
sumanorajas	0	1
sumpaluRWa	1	0
sunAsIrya	0	1
sunAsIryya	1	0
sunizaRRa	1	0
sunizaRa	0	1
supatraka	0	1
supattraka	1	0
suptAGAtaka	0	1
suptaGAtaka	1	0
supuzkarA	1	0
surAcArya	0	1
surAcAryya	1	0
suraBipatrA	0	1
suraBipattrA	1	0
suradAru	0	1
suradAsa	1	0
suraparRI	0	1
suraparRRI	1	0
suraparRRika	1	0
suraparRika	0	1
surapurI	1	0
surapurO	0	1
susampad	0	1
susampaw	1	0
sutElA	1	0
sutelA	0	1
suvIrya	0	1
suvIryya	1	0
suvarRRa	1	0
suvarRRabindu	1	0
suvarRa	0	1
suvarRabaRij	1	0
suvarRabindu	0	1
suvarRavaRij	0	1
suvftta	1	0
suvidalla	1	0
suzuzkarA	0	1
svAmim	0	1
svAmin	1	0
svaDarma	0	1
svaDarmma	1	0
svabIja	0	1
svacCapatra	0	1
svacCapattra	1	0
svakarman	0	1
svakarmman	1	0
svalpapatraka	0	1
svalpapattraka	1	0
svanotamAha	0	1
svanotsAha	1	0
svarRRakAya	1	0
svarRakAya	0	1
svarRakzIrI	1	0
svarRakzIro	0	1
svasrIya	1	0
svastrIya	0	1
svatam	0	1
svatas	1	0
svavIja	1	0
svid	1	0
svidu	0	1
tAdaS	0	1
tAdfS	1	0
tAmrapuzpa	1	0
tApasadruBasanniBA	0	1
tApasadrumasanniBA	1	0
tAqula	1	0
tArRaka	1	0
tArkiMka	1	0
tArkika	0	1
tIrTamahAhnada	0	1
tIrTamahAhrada	1	0
tIra	2	1
tOryyatriMka	1	0
tOryyatrika	0	1
tURa	4	1
tURaDAra	1	0
tUla	3	1
tUr	0	1
tUrRASa	0	1
tUrRRASa	1	0
tUrRRa	1	0
tUrRa	0	1
tUra	3	2
tUtaka	1	0
tUtuka	0	1
ta	2	1
taRqulotTa	0	1
taRqulotya	1	0
tadA	1	0
tadrA	0	1
tadryaYc	1	0
tadryaYca	0	1
takAra	1	0
takmAra	0	1
takza	3	1
takzaRI	1	0
tala	2	1
tamo'paha	0	1
tamo'ri	0	1
tamopaha	1	0
tamori	1	0
tana	2	1
tanca	2	1
tannasevanI	0	1
tannavAya	0	1
tanuhnada	0	1
tanuhrada	1	0
tapa	4	1
tapacCada	0	1
tapanacCada	1	0
tapasImUrtti	0	1
tapasomUrtti	1	0
tapasya	2	1
tapo'Sana	0	1
tapo'vawa	0	1
tapoSana	1	0
tapovawa	1	0
taptakumBa	1	0
taptukumBa	0	1
taqa	2	1
tarja	2	1
tarka	2	1
taruza	2	1
tasa	2	1
tat	1	0
tatra	3	1
tawa	3	1
tejIyam	0	1
tejIyas	1	0
tfRAQya	0	1
tfRAwya	1	0
tfRa	2	1
tfRazawapada	0	1
tfRazawpada	1	0
tfha	2	1
tfkza	2	1
tfpa	4	1
tija	2	1
tika	3	1
tila	4	1
tilacUrRRa	1	0
tilacUrRa	0	1
tilaparRI	0	1
tilaparRRI	1	0
tilaparRRazwa	1	0
tilaparRa	0	1
tima	2	1
tirIwaka	0	1
tirowaka	1	0
toqI	1	0
toqo	0	1
traKa	2	1
trasa	4	1
trayastriMSin	1	0
trayastriSin	0	1
triSaNkayAjin	0	1
triSaNkuyAjin	1	0
tridaSabaDU	0	1
tridaSavaDU	1	0
trikARqa	1	0
trinetracUqAmaRi	1	0
trinetracuqAmaRi	0	1
trisanDyAkusumA	1	0
trisanDyakusumA	0	1
trisnAna	1	0
trisrAna	0	1
trividA	0	1
trividya	1	0
trivistIrRa	1	0
trivistrIrRa	0	1
trivizwapasad	1	0
trivizwapasada	0	1
trizaparRa	0	1
trizuparRa	1	0
troqaka	0	1
trowaka	1	0
truwa	2	1
tryaDan	0	1
tryaNgala	1	0
tryaNgula	0	1
tryuDan	1	0
tsaru	1	0
tsaruM	0	1
tu	2	1
tuBa	2	1
tuRqakerI	1	0
tuRqakeri	0	1
tugryA	0	1
tugryyA	1	0
tuhuRqa	1	0
tuhuRqaM	0	1
tuja	3	1
tumala	0	1
tumara	0	1
tumula	1	0
tumura	1	0
tunPa	2	1
tundiBa	0	1
tundila	0	1
tunnasevanI	1	0
tunnavAMya	1	0
tunpa	2	1
turIya	2	1
tura	2	1
turaRa	2	1
tusa	2	1
tutTa	2	1
tuza	2	1
tvadalakzyArTa	0	1
tvakpata	0	1
tvakpatra	1	0
tvampadalakzyArTa	1	0
tvanca	2	1
u	4	2
uWa	1	0
uYCaSila	1	0
ucCaSila	0	1
ucCasita	0	1
ucCizwamIdana	0	1
ucCizwamodana	1	0
ucCvasita	1	0
udDanDaka	0	1
udDavadUta	1	0
udDvadUta	0	1
udIkzaRa	1	0
udOkzaRa	0	1
udaDyA	0	1
udaKit	0	1
udaSvit	1	0
udaYc	1	0
udaYca	0	1
udadyA	1	0
udakIrRRa	1	0
udakIrRa	0	1
udakecara	1	0
udbanDaka	1	0
udgIrRRaM	1	0
udgIrRa	0	1
udgUrRRa	1	0
udgUrRa	0	1
udgataSfNga	1	0
udrakecara	0	1
udumbaraparRI	0	1
udumbaraparRRI	1	0
udurakarRI	1	0
udvAdika	0	1
udvAhika	1	0
ugrAdeva	1	0
ugradeva	0	1
uhna	0	1
uhra	1	0
ulUpin	0	1
ulUpina	1	0
ula	2	1
ulkAmuKa	0	1
ulkApruKa	1	0
unda	1	0
undra	0	1
undurakarRI	0	1
unmeya	1	0
unnidrA	1	0
unnidra	0	1
upAMsaka	0	1
upAdAnalakzaRA	1	0
upAdAnalakzaRa	0	1
upAsaka	1	0
upakAlApa	0	1
upakalApa	1	0
upakarRRa	1	0
upakarRa	0	1
upakkaRa	0	1
upakvaRa	1	0
upanandaka	1	0
upandaka	0	1
uparaYcaka	0	1
uparaYjaka	1	0
upasaMkramaRa	0	1
upasaMkramaRe	1	0
upasaMvyAna	1	0
upasavyAna	0	1
upodDAtaH	1	0
upodvAtaH	0	1
urRRanABa	1	0
urRanABa	0	1
uraH	0	1
uraHsUtrikA	1	0
uraRa	1	0
urarI	0	1
uraro	1	0
urobfhatI	0	1
urovfhatI	1	0
urucakzam	0	1
urucakzas	1	0
utAhI	0	1
utAho	1	0
utKacit	0	1
utKacita	1	0
utaNkameGa	0	1
utaNkameva	1	0
utaTya	1	0
utakrISa	0	1
utayya	0	1
utkIrRRa	1	0
utkIrRa	0	1
utkarRRa	1	0
utkarRa	0	1
utkfti	1	0
utkrISa	1	0
utpaSya	0	1
utpaSye	1	0
utpatAMka	0	1
utpatAka	1	0
uttAnapaSraka	1	0
uttAnapatraka	0	1
uttIrRRa	1	0
uttIrRa	0	1
uttaraBAdrapad	1	0
uttaraBAdrapada	0	1
vADin	0	1
vASiMta	1	0
vASita	0	1
vAYCA	1	0
vAcAWa	1	0
vAcAwa	0	1
vAcCA	0	1
vAdin	1	0
vAgdAna	1	0
vAgqambara	1	0
vAgyama	1	0
vAhama	0	1
vAhasa	1	0
vAlmIki	0	1
vAlmiki	1	0
vAnaprasTa	0	1
vAnaprasya	1	0
vAneva	1	0
vAneya	0	1
vAr	1	0
vArAhakarRI	0	1
vArAhakarRo	1	0
vArDaka	0	1
vAra	1	2
vArabARa	0	1
vAralOka	0	1
vAraloka	1	0
vArasU	0	1
vAravARa	1	0
vArdDaka	1	0
vArivallaBA	1	0
vArivallaBa	0	1
vAsAKaRqakUzmARqaka	0	1
vAsAKaRqakuzmARqaka	1	0
vAsudevapriyaNgarI	0	1
vAsudevapriyaNkarI	1	0
vAtApisUdana	0	1
vAtApisudana	1	0
vAta	2	1
vEDa	1	0
vERika	1	0
vESizwA	1	0
vESizwya	0	1
vEkaNkata	1	0
vEkaNkzata	0	1
vEnAyika	1	0
vEtAnika	1	2
vEtanika	1	0
vEyAsikI	1	0
vEyAsiko	0	1
vIjakft	1	0
vIjakoSa	1	0
vIrasU	1	0
vItaMma	1	0
vItaMsa	0	1
vaMSapatra	0	1
vaMSapatrapatita	0	1
vaMSapattra	1	0
vaMSapattrapatita	1	0
vaSavartin	0	1
vaSavattin	1	0
vaYca	0	1
vacanIya	1	0
vacanIyaH	0	1
vahniBogya	1	0
vahniBojya	0	1
vahnibIja	0	1
vahnigarBa	0	1
vahnigarma	1	0
vahnivIja	1	0
vajra	2	1
vajrabIjaka	0	1
vajravIjaka	1	0
vakAraH	1	0
vakavrataDara	0	1
vakavratapara	1	0
valavita	0	1
valayita	1	0
valgA	1	0
valgupatra	0	1
valgupattra	1	0
valkalIDra	1	0
valkaloDra	0	1
vana	5	6
vanca	1	0
varANgin	1	0
varANgit	0	1
varIvardDa	0	1
varIvardda	1	0
varRRa	2	0
varRRacAraka	1	0
varRRadAtrI	1	0
varRRadUta	1	0
varRRada	1	0
varRRajyezWa	1	0
varRRakUpikA	1	0
varRRaka	1	0
varRRatUli	1	0
varRa	1	3
varRacAraka	0	1
varRadAtrI	0	1
varRadUta	0	1
varRada	0	1
varRajyezWa	0	1
varRakUpikA	0	1
varRaka	0	1
varRatUli	0	1
varavAhlIka	1	0
varavAhnIka	0	1
varhizad	1	0
varhizadu	0	1
varsman	1	0
varzman	0	1
vasna	1	0
vasnasA	1	0
vastrEkasArA	0	1
vastra	1	2
vastrasA	0	1
vasvOkasArA	1	0
vatsakabIja	0	1
vatsakavIja	1	0
vatsarAja	1	0
vayoDas	0	1
vayoDasa	1	0
veRubIja	0	1
veRupatrI	0	1
veRupattrI	1	0
veRuvIja	1	0
vejapila	0	1
vfScipatrI	0	1
vfScipattrI	1	0
vfhadbIja	0	1
vfhadvIja	1	0
vfhaspati	1	0
vfkaDUrtta	1	0
vfkzacara	1	0
vfkzakzara	0	1
vftaDUrtta	0	1
vfttabIja	0	1
vfttaparRI	0	1
vfttaparkI	1	0
vfttavIja	1	0
vfzAkapAyI	1	0
vfzAkapAyo	0	1
vfzaBAnu	1	2
vfzaBAnusutA	1	0
viMSati	1	0
viMSatitaBa	1	0
viMSatitama	0	1
viSvaparRI	0	1
viSvaparRRI	1	0
viSvasfj	1	0
vid	1	0
vida	6	7
vidyAcuYcu	1	0
vidyAttuYcu	0	1
vidyumAlin	0	1
vidyunmAlin	1	0
vihfta	1	0
vihvata	0	1
vijakft	0	1
vijakoSa	0	1
vijalapa	1	0
vijalpa	0	1
vijapila	1	0
vijayA	2	1
vikamita	0	1
vikasita	1	0
vikrIyAmampradAna	1	0
vikrIyAsampradAna	0	1
vilAma	1	0
vilAsa	0	1
vinDyavAsinA	1	0
vinDyavAsinI	0	1
vipad	1	0
vipada	0	1
viprozita	1	0
viprozite	0	1
vipruz	0	1
vipruza	1	0
viqAlapadaka	1	0
viqalapadaka	0	1
virahotkaRWitA	0	1
virahotpaRWitA	1	0
visakaRWA	0	1
visakusuma	1	0
vismayAnDita	1	0
vismayAnvita	0	1
visvasfj	0	1
viz	1	0
vizOzaDI	0	1
vizRukAntA	1	0
vizRukrAntA	0	1
viza	4	5
vizadarSanamftyu	0	1
vizadarSanamftyuka	1	0
vizakaRWA	0	1
vizakusuma	0	1
vizkamBa	1	0
vizkanBa	0	1
vizozaDI	1	0
vyAlamba	1	0
vyAlamva	0	1
vyaMsita	1	0
vyasita	0	1
vyatihAra	1	0
vyatitIhAra	0	1
vyfdDi	1	0
vyudDi	0	1
wa	2	1
x	4	1
xY	0	1
yAdfS	0	1
yAdfSa	0	1
yAjYavalkyA	0	1
yAjYavalkya	1	0
ya	2	1
yaTAsTita	1	0
yaTasTita	0	1
yakzAqumburaka	0	1
yakzoqumburaka	1	0
yamaGaRWa	1	0
yamaGaRwa	0	1
zRiha	2	1
zU	3	1
zUda	3	1
zaRa	2	1
zaca	2	1
zada	2	1
zaha	2	1
zakAraH	1	0
zaqAmnAya	0	1
zaqAnAya	1	0
zaqaNKa	1	0
zaqaNga	0	1
zawacatvAriMSat	0	1
zawcatvAriMSat	1	0
zawpadapriyA	0	1
zawpadapriya	1	0
zazWihAyana	0	1
zazwihAyana	1	0
ziDa	3	1
ziqBa	0	1
ziqga	1	0
zu	5	1
zvada	2	1
zvida	2	1
zwUpa	2	1
zwama	2	1
